class_id,search_run,idx_ref,flux,Ea_rep_eV,Ea_member_eV,archetype,status,n_pad,n_bad_snap,pad_unresolved_top,pad_unresolved_bot,refine_ok,ladder_len,Ea_meas_eV,dE_meas_eV,mover_ok,dra_ok,dra_stored,dra_meas,relax_shift_max,class_id_stored_matches,class_id_ok,class_id_after,saddle_token_flicker,max_residual_before,max_residual_after,accepted,dEa_eV,in_band,error
b4f4ceda979340fa97ea8c0a00fc53a1a082837a83bed5d639310dffec91b1eb,NiFe_Ni95_Fe05_T300_3vac,38,10151.630743671009,0.6110470521793134,0.6223561949309442,4972478298379930765,measured_in_band,450,0,False,True,True,1,0.6168883755685783,0.0346524142241833,True,True,1.268032853920487,1.2711318007117045,0.0734042042836267,True,True,b4f4ceda979340fa97ea8c0a00fc53a1a082837a83bed5d639310dffec91b1eb,False,0.0710373093824837,0.0567084566097003,True,0.0058413233892649,True,
41ab56e07af137c7aa40ebb924cad7bc10764ce36b64a8e3c6fd060b60ccc3dd,NiFe_Ni95_Fe05_T300_3vac,39,10026.169282873136,0.5768371966653105,0.5866997426983289,4972478298379930765,measured_in_band,450,0,False,True,True,1,0.5816892877351165,-0.0358409684140497,True,True,1.264017761001864,1.2642318730598416,0.047900512887381,True,True,41ab56e07af137c7aa40ebb924cad7bc10764ce36b64a8e3c6fd060b60ccc3dd,False,0.0508043782331356,0.049358514951895,True,0.0048520910698059,True,
1edeb41f3ffdba8dcba992e10bf0bbcbaf8e2712ab47629ba0482e2de7030aea,NiFe_Ni95_Fe05_T300_10vac,37,5442.766947056898,0.6247436409668486,0.6456963746468318,4972478298379930765,measured_in_band,450,0,False,True,True,1,0.6373722685652865,-0.0001742023405313,True,True,1.2682611594819364,1.279617573568942,0.0764017003676119,True,True,1edeb41f3ffdba8dcba992e10bf0bbcbaf8e2712ab47629ba0482e2de7030aea,False,0.0729412267295885,0.0449245711885994,True,0.0126286275984378,True,
df0efe62afd9f7d5fd40b1f2ebc5dbc217c0af68ae8ab3fe8487cc175aef9a8b,NiFe_Ni95_Fe05_T300_10vac,36,4527.203751866908,0.6235344723100578,0.6458731989350781,4972478298379930765,measured_in_band,450,0,False,True,True,1,0.6378691868940223,-0.0003985018997809,True,True,1.2751923813809816,1.279055559750403,0.088704332608531,True,True,df0efe62afd9f7d5fd40b1f2ebc5dbc217c0af68ae8ab3fe8487cc175aef9a8b,False,0.0882409594056458,0.0571426275520454,True,0.0143347145839645,True,
3d916077253024e1704c9d9ef5c2d8b75c2a5563163c239f8e9091b095b7012f,NiFe_Ni95_Fe05_T700_10vac,89,1417.53643726705,0.6403721911395727,0.6675923047787364,4972478298379930765,measured_in_band,450,0,False,True,True,1,0.6595774266284025,0.37237905549409334,True,True,1.4698309343002027,1.473676273460078,0.07722404127747189,True,True,3d916077253024e1704c9d9ef5c2d8b75c2a5563163c239f8e9091b095b7012f,False,0.09028089847290374,0.06843604077449313,True,0.019205235488829797,True,
ef7eed87336db10b49137fc42cb05d83fa04385aa38455d9f22f07f54ba4ea20,NiFe_Ni95_Fe05_T500_8vac,666,1357.8744329493372,0.2688184843186788,0.2890669634343794,4972478298379930765,measured_in_band,450,0,False,True,True,1,0.2858536059720791,-0.3741910445223766,True,True,1.0539520400002875,1.0541496089888804,0.058908629868751,True,True,ef7eed87336db10b49137fc42cb05d83fa04385aa38455d9f22f07f54ba4ea20,False,0.0674672754241224,0.0609306914628021,True,0.0170351216534003,True,
451e9c210266df20fb4e5b5a3c9911b84bfbd2de82a083da5213fd6d2266233e,NiFe_Ni95_Fe05_T700_6vac,314,822.5154264122457,0.5939048505625493,0.5942893941237344,4972478298379930765,measured_in_band,450,0,False,True,True,1,0.5860790973320036,-0.0338628187355425,True,True,1.2677563349376757,1.2750215921851578,0.060582310473347,True,True,451e9c210266df20fb4e5b5a3c9911b84bfbd2de82a083da5213fd6d2266233e,False,0.0642319371951707,0.043283010073874,True,-0.0078257532305456,True,
7e0119fd4108d80b07cc49f46d066763c808d6eb26a591f72841a34c088f7fde,NiFe_Ni95_Fe05_T700_6vac,315,767.3545526660816,0.6265044718371031,0.626822539834393,4972478298379930765,measured_in_band,450,0,False,True,True,1,0.6181211038142465,0.0323780124285804,True,True,1.273592420595673,1.2793306568906375,0.0683496719623256,True,True,7e0119fd4108d80b07cc49f46d066763c808d6eb26a591f72841a34c088f7fde,False,0.0663802305385492,0.0478776230164657,True,-0.0083833680228566,True,
6cd32d5dd6e86bd39cf8abe93fb8f89ad25f804369c14a516b213cc6b82771df,NiFe_Ni95_Fe05_T700_1vac,157,644.8307788946368,0.6586567984888689,0.6586444181884872,4972478298379930765,measured_in_band,450,0,False,True,True,1,0.6399456444300995,-0.0038937203330533,True,True,1.2721297136870937,1.2745657838885678,0.0539610065220261,True,True,6cd32d5dd6e86bd39cf8abe93fb8f89ad25f804369c14a516b213cc6b82771df,False,0.0551711126166983,0.045245065862387,True,-0.0187111540587694,True,
a1eb378cb899341c558283f88777b52a89091c135479adda62bfb1546fbd680c,NiFe_Ni95_Fe05_T300_10vac,193,643.5330192521644,0.6361395795202838,0.6437213865419835,4972478298379930765,refine_failed,455,0,False,True,False,15,,,,,,,,,,,,,,,,,"[{""rung"": 3, ""zseed"": 3004, ""ok"": false, ""artn_error"": ""(0, '')"", ""delr_sad"": 6.505993985410074}]"
5de71c74e6b3fd8db4e7721b1a2b3ada99769dd5fdf62c031fd169424ed6d07b,NiFe_Ni95_Fe05_T700_1vac,158,591.0618452641168,0.6618323825934591,0.6618224887524775,4972478298379930765,measured_in_band,450,0,False,True,True,1,0.6441425159950995,0.0030987318705228,True,True,1.2798429910019666,1.2935364689554594,0.0722400079125573,True,True,5de71c74e6b3fd8db4e7721b1a2b3ada99769dd5fdf62c031fd169424ed6d07b,False,0.0710581851515953,0.0530125721878847,True,-0.0176898665983595,True,
cab20a6975d3a954cee3d3275e7bdffc4bfdd18cdf5ca8d393f69d66c5d0acca,NiFe_Ni95_Fe05_T600_1vac,448,503.4374291185538,0.6012865128626759,0.6452971136250198,4972478298379930765,measured_in_band,450,0,False,True,True,1,0.6376275796856135,0.0017984498549594,True,True,1.2631108011520948,1.2715529197993083,0.0530431365741491,True,True,cab20a6975d3a954cee3d3275e7bdffc4bfdd18cdf5ca8d393f69d66c5d0acca,False,0.0547337897577732,0.0412807877196719,True,0.0363410668229375,True,
86f7b182e4cee2cf06d74e1488d03a744cce762fbf31e7c982cc04c81f9fbbfa,NiFe_Ni95_Fe05_T700_1vac,274,445.4100603277124,0.6604817322020627,0.6605246255558086,4972478298379930765,measured_in_band,450,0,False,True,True,1,0.6418794564392556,0.0022269998103183,True,True,1.279860320862672,1.293579898150501,0.0717944643094025,True,True,86f7b182e4cee2cf06d74e1488d03a744cce762fbf31e7c982cc04c81f9fbbfa,False,0.0710148975622652,0.0545102436612742,True,-0.0186022757628071,True,
18ffec260b71bd901dd42f1fb227651f35345f39b63ddf8be28b21ec51d71d93,NiFe_Ni95_Fe05_T600_1vac,447,430.4854446903681,0.5974621345644179,0.6438862234554108,4972478298379930765,measured_in_band,450,0,False,True,True,1,0.6347339828416807,-0.0021509470698219,True,True,1.2763314220423023,1.2784276487146002,0.0609758636674481,True,True,18ffec260b71bd901dd42f1fb227651f35345f39b63ddf8be28b21ec51d71d93,False,0.0628240304172185,0.0469729045472296,True,0.0372718482772628,True,
c80bf5f07ac9be63991edab1d7dfbb1d2a80571a2dc49eda6132738e5145dbd4,NiFe_Ni95_Fe05_T700_1vac,273,417.398554956713,0.6579888739687635,0.6580981953120499,4972478298379930765,measured_in_band,450,0,False,True,True,1,0.6401380819615952,-0.0027654509153762,True,True,1.272103473610781,1.2746533281609749,0.0555646386162026,True,True,c80bf5f07ac9be63991edab1d7dfbb1d2a80571a2dc49eda6132738e5145dbd4,False,0.0553087511303951,0.0434557631423005,True,-0.0178507920071683,True,
5493ee087ffc2e1a4f6db5abca1910683616fd110c92bebdb7a8c916d16533f4,NiFe_Ni95_Fe05_T500_5vac,214,414.2202651593496,0.5864537052971633,0.638184668764552,4972478298379930765,measured_in_band,450,0,False,True,True,1,0.6307074371452472,-3.306588587292936e-05,True,True,1.2773585119337532,1.2831477995596028,0.0586541088192258,True,True,5493ee087ffc2e1a4f6db5abca1910683616fd110c92bebdb7a8c916d16533f4,False,0.0643429585661722,0.0445643449804454,True,0.0442537318480839,True,
65055342f4e0f77d8c3b7526b30ca2130082431487804aecbb8c114629c0eb4f,NiFe_Ni95_Fe05_T800_2vac,169,395.9027355071644,0.6604909412692986,0.6604983327442824,4972478298379930765,measured_in_band,450,0,False,True,True,1,0.6437505392709681,5.2171119477861794e-05,True,True,1.274576312371242,1.286503276336571,0.0634451354382938,True,True,65055342f4e0f77d8c3b7526b30ca2130082431487804aecbb8c114629c0eb4f,False,0.0637166494776882,0.0515841703683705,True,-0.0167404019983304,True,
9c347a4542b610b1bcf81b186c3e949d99d0ee6c4283de786733a84f24b17b95,NiFe_Ni95_Fe05_T800_10vac,1227,387.1695959603271,0.3711175272928813,0.3711175272928813,4972478298379930765,measured_in_band,450,0,False,True,True,1,0.3656596365372024,-0.3298040171948742,True,True,0.9534318197038264,0.9584007071607972,0.0636575473526046,True,True,9c347a4542b610b1bcf81b186c3e949d99d0ee6c4283de786733a84f24b17b95,False,0.0630709739556848,0.0544680626685684,True,-0.0054578907556788,True,
129cbe7fb1ebfb670d9ee679caa533c2c3b9435869f3ce002b67cf72df86b134,NiFe_Ni95_Fe05_T800_5vac,378,387.0689773394047,0.7099265916867809,0.7099265916867807,4972478298379930765,measured_in_band,450,0,False,True,True,1,0.6996498517532928,0.3316161236984953,True,True,1.5836345162917822,1.5963358438126525,0.0609386721083412,True,True,129cbe7fb1ebfb670d9ee679caa533c2c3b9435869f3ce002b67cf72df86b134,False,0.0952385175471814,0.0628950883559848,True,-0.0102767399334881,True,
083c32927dbf448fd570b8633010af25740e92289547b8d84121ffb68afc3f20,NiFe_Ni95_Fe05_T800_5vac,377,382.8470329488032,0.3733889157465456,0.3733889157465455,4972478298379930765,measured_in_band,450,0,False,True,True,1,0.3647548301996721,-0.3319989509595871,True,True,0.9673685868137836,0.9761434915658114,0.0625687410786228,True,True,083c32927dbf448fd570b8633010af25740e92289547b8d84121ffb68afc3f20,False,0.0633756864435169,0.052250132412561,True,-0.0086340855468734,True,
8b9d5125c6cb5134209adc5c1dc0e0e6ad8eedc0f24d2bcf61f8a66bd4d9900d,NiFe_Ni95_Fe05_T500_5vac,213,380.7271402213892,0.5829962944658462,0.6369547758768022,4972478298379930765,measured_in_band,450,0,False,True,True,1,0.6300689711747509,-0.0008222539945563,True,True,1.2724785881472191,1.282838268900363,0.0566870609791293,True,True,8b9d5125c6cb5134209adc5c1dc0e0e6ad8eedc0f24d2bcf61f8a66bd4d9900d,False,0.0574533515043763,0.0433772945411616,True,0.0470726767089046,True,
3c68cf7fab04e7d60c104e41ffbbb6421352c1037563fa907a29e9f4be53568b,NiFe_Ni95_Fe05_T800_2vac,168,377.3666046517844,0.6602731795036719,0.6602806444216185,4972478298379930765,measured_in_band,450,0,False,True,True,1,0.6443363282955943,-0.0015851351104174,True,True,1.277541412561915,1.2815041063173005,0.0632352813088626,True,True,3c68cf7fab04e7d60c104e41ffbbb6421352c1037563fa907a29e9f4be53568b,False,0.0674508463404783,0.0427212462757705,True,-0.0159368512080776,True,
9aa283632c6d9979b081e09398d8f81ad4153b147b0aa777ef900b27c9ed66c1,NiFe_Ni95_Fe05_T500_8vac,373,362.5391670246557,0.6391008576065612,0.6605565291056337,4972478298379930765,measured_in_band,450,0,False,True,True,1,0.6548119965204933,0.0333592344522912,True,True,1.2763516989073578,1.2830471064818096,0.0424123270029565,True,True,9aa283632c6d9979b081e09398d8f81ad4153b147b0aa777ef900b27c9ed66c1,False,0.067212730504434,0.055322592431738,True,0.015711138913932,True,
8fdfa2b36b5244caec75482a6c801819fdd6b26755fae5ec58104a06519318f9,NiFe_Ni95_Fe05_T500_8vac,372,349.11072796233765,0.6042156794945696,0.6274907228007578,4972478298379930765,measured_in_band,450,0,False,True,True,1,0.6227806405577212,-0.0340901561994542,True,True,1.2681498755381624,1.276754427769227,0.0661709880825918,True,True,8fdfa2b36b5244caec75482a6c801819fdd6b26755fae5ec58104a06519318f9,False,0.0659998011785831,0.0507463405193316,True,0.0185649610631516,True,
18eed7b4e1c54c11c4eeea8f856f60adedec5610a236df518fa11e0f4bbf6178,NiFe_Ni95_Fe05_T800_10vac,1226,341.591701028903,0.7047694416305604,0.7047694416305603,4972478298379930765,measured_in_band,450,0,False,True,True,1,0.6984620873986387,0.3296302713856676,True,True,1.582059008939095,1.5938445630932565,0.0674469347876027,True,True,18eed7b4e1c54c11c4eeea8f856f60adedec5610a236df518fa11e0f4bbf6178,False,0.0898334217659301,0.0604059935818023,True,-0.0063073542319217,True,
177d99c2c30028645807fc5151fb154b33bad159d048d7f310da0390f98c5256,NiFe_Ni95_Fe05_T700_10vac,1198,329.2044255737529,0.4008879023467671,0.4008879023467671,4972478298379930765,refine_failed,456,0,False,True,False,15,,,,,,,,,,,,,,,,,"[{""rung"": 3, ""zseed"": 3004, ""ok"": false, ""artn_error"": ""(-10, 'EIGENVALUE LOST, try to increase nnewchance or nsmooth')""}]"
759abdf4e274071e613267d04119f4a52d44f94e345c91c6fee042c5ef84a12e,NiFe_Ni95_Fe05_T600_10vac,397,325.98355123390667,0.61621968732207,0.6512947242217706,4972478298379930765,measured_in_band,450,0,False,True,True,1,0.6380531205973057,-0.0008017801515052,True,True,1.2858397909753323,1.295003314841986,0.0639206416686846,True,True,759abdf4e274071e613267d04119f4a52d44f94e345c91c6fee042c5ef84a12e,False,0.0643381101479674,0.0498311101568858,True,0.0218334332752356,True,
8b93d6d55316605131c0aa6ad34b07d9f1c390d9b18d091c858c46f2e2d5e916,NiFe_Ni95_Fe05_T600_10vac,398,322.5281103854127,0.618213157000258,0.6525856751077299,4972478298379930765,measured_in_band,450,0,False,True,True,1,0.6439673748050154,0.0012985210887563,True,True,1.2651333802730411,1.279821432709244,0.0580201816594093,True,True,8b93d6d55316605131c0aa6ad34b07d9f1c390d9b18d091c858c46f2e2d5e916,False,0.0574346247012613,0.0447892547553692,True,0.0257542178047573,True,
77a2cf2e7808785275ec22972616763b91d531884f7fbc057375abef150ba94f,NiFe_Ni95_Fe05_T800_6vac,510,317.9628736078544,0.7048107324071681,0.704810732407168,4972478298379930765,measured_in_band,450,0,False,True,True,1,0.6944810132195016,0.3262650489468797,True,True,1.5857748417463438,1.5917274419157614,0.0627303585060921,True,True,77a2cf2e7808785275ec22972616763b91d531884f7fbc057375abef150ba94f,False,0.0849587412837464,0.0601549557536695,True,-0.0103297191876664,True,
350f950fa5ecb8b20080c581e09dbb7e34c779cd2389f45c347ffcabdecd9ebe,NiFe_Ni95_Fe05_T700_10vac,1197,315.8102466083477,0.7492205502157959,0.7492205502157958,4972478298379930765,measured_in_band,450,0,False,True,True,1,0.7327835014307311,0.3457134571676761,True,True,1.4631753744557956,1.4712007130696885,0.1102039162244864,True,True,350f950fa5ecb8b20080c581e09dbb7e34c779cd2389f45c347ffcabdecd9ebe,False,0.1135290486454324,0.1343280491935635,True,-0.0164370487850648,True,
95c126064e086540a3ea597279a20a0c1709c3cf773acf50f85d158e4c903fd8,NiFe_Ni95_Fe05_T800_6vac,511,298.212856676772,0.3710510106029688,0.3710510106029687,4972478298379930765,measured_in_band,450,0,False,True,True,1,0.365354161664527,-0.3291634981110292,True,True,0.953713836532986,0.9647835294977404,0.066619909285509,True,True,95c126064e086540a3ea597279a20a0c1709c3cf773acf50f85d158e4c903fd8,False,0.0672464180647187,0.0556697917555273,True,-0.0056968489384417,True,
6e7076b9c0f0ee0f005be465f1f19f1d0ad7d2ceb47b29a696b4cccc1466c3b7,NiFe_Ni95_Fe05_T500_7vac,358,255.42204481996689,0.5833912800176553,0.6425175042395495,4972478298379930765,measured_in_band,450,0,False,True,True,1,0.6328720619649175,0.000366237921753,True,True,1.274916127784546,1.282991049368847,0.0651830687849539,True,True,6e7076b9c0f0ee0f005be465f1f19f1d0ad7d2ceb47b29a696b4cccc1466c3b7,False,0.0663150488147541,0.0484160047027954,True,0.0494807819472622,True,
42876b77315d0a3b9057be90339165a51cfa5d26d182a1fedc514f3b0b907e24,NiFe_Ni95_Fe05_T500_7vac,359,249.8168992702634,0.5850945678598451,0.6408960223170652,4972478298379930765,measured_in_band,450,0,False,True,True,1,0.6322567977372273,-0.0006913118136253,True,True,1.272174645804582,1.2771688683509306,0.0663170424893433,True,True,42876b77315d0a3b9057be90339165a51cfa5d26d182a1fedc514f3b0b907e24,False,0.0662360453595531,0.0445884653839238,True,0.0471622298773821,True,
94b46313077e822f1b752caaf2b7d3171d5258335be3c0226e6ae526abbd2dd5,NiFe_Ni95_Fe05_T400_10vac,192,238.3094825039509,0.5995530951194652,0.6439644315578334,4972478298379930765,refine_failed,456,0,False,True,False,15,,,,,,,,,,,,,,,,,"[{""rung"": 3, ""zseed"": 3004, ""ok"": false, ""artn_error"": ""(0, '')"", ""delr_sad"": 6.521362121875601}]"
6e3fe6950ca5b61c3f67ea327fe0b9a9e5a8ea4b67a8469c153845619f25c1eb,NiFe_Ni95_Fe05_T700_3vac,374,226.78359500487736,0.583787519994985,0.5837875199949849,4972478298379930765,measured_in_band,450,0,False,True,True,1,0.5731602539194682,-0.0369439372475426,True,True,1.2624966648545386,1.2616628125523432,0.0585633892720965,True,True,6e3fe6950ca5b61c3f67ea327fe0b9a9e5a8ea4b67a8469c153845619f25c1eb,False,0.0581268556662819,0.049012541784453,True,-0.0106272660755167,True,
fbcc8c78791825b11a548f12032e0f7121c1bfe4da15e3977f446b6ff0ceb924,NiFe_Ni95_Fe05_T600_1vac,327,221.8927713834902,0.6360843220090829,0.6360843220090828,4972478298379930765,measured_in_band,450,0,False,True,True,1,0.6232034660574755,-0.0347165620673877,True,True,1.2769307349614754,1.2837297093716475,0.0688181102086592,True,True,fbcc8c78791825b11a548f12032e0f7121c1bfe4da15e3977f446b6ff0ceb924,False,0.0713088767922204,0.0455253405709569,True,-0.0128808559516074,True,
7e1cc2bd7f9e73c30f192865e5d83dcf6878d86ba7bb54c5f1c4d1ba830245df,NiFe_Ni95_Fe05_T700_3vac,373,220.96955119631184,0.6201286212735796,0.6201286212735795,4972478298379930765,measured_in_band,450,0,False,True,True,1,0.6094568126877675,0.0351953682002204,True,True,1.2679386406467812,1.2668827869218182,0.0730590933799837,True,True,7e1cc2bd7f9e73c30f192865e5d83dcf6878d86ba7bb54c5f1c4d1ba830245df,False,0.0718271837786717,0.0503156765100946,True,-0.010671808585812,True,
2ebc5d482e51c22afbc2a020309f2f299e4442f33c7f59b492498c269779a4a7,NiFe_Ni95_Fe05_T600_1vac,328,215.77987008299647,0.6685370828790839,0.6685370828790838,4972478298379930765,measured_in_band,450,0,False,True,True,1,0.6586994737854184,0.0338850663738412,True,True,1.2641488614938623,1.266712606225537,0.0483954213820115,True,True,2ebc5d482e51c22afbc2a020309f2f299e4442f33c7f59b492498c269779a4a7,False,0.0692210692812596,0.0593200633131366,True,-0.0098376090936654,True,
3e066e1fdcff216e7f2d9a3d313e36cb42e5c22c0022b822f0a389b62e8b93e5,NiFe_Ni95_Fe05_T700_1vac,126,210.3108962379245,0.6097127269188568,0.6623687760484245,4972478298379930765,measured_in_band,450,0,False,True,True,1,0.6469120833839952,0.0001429668905075,True,True,1.2887120643585732,1.3011630382905075,0.0610069038229994,True,True,3e066e1fdcff216e7f2d9a3d313e36cb42e5c22c0022b822f0a389b62e8b93e5,False,0.0716182321444652,0.0369969302094938,True,0.0371993564651383,True,
d404950566fa72db13555f0be9e850da7cecd04a88175153b249949cf9989192,NiFe_Ni95_Fe05_T800_1vac,385,204.961534208043,0.6585397065809958,0.6585397065809957,4972478298379930765,measured_in_band,450,0,False,True,True,1,0.6450286418712494,-0.0022290094252639,True,True,1.286583558939389,1.2979494432046448,0.0815295658701643,True,True,d404950566fa72db13555f0be9e850da7cecd04a88175153b249949cf9989192,False,0.0879661252418259,0.0556251491883241,True,-0.0135110647097463,True,
ee349ddb295fe96ca6893daecb0d17cbbadf84cb5d1f55fac39936830647159f,NiFe_Ni95_Fe05_T800_1vac,386,197.7607567931187,0.6599993426161747,0.6599993426161745,4972478298379930765,measured_in_band,450,0,False,True,True,1,0.643363510013387,0.0015718353110969,True,True,1.274724104059916,1.2883826583821345,0.071066647073394,True,True,ee349ddb295fe96ca6893daecb0d17cbbadf84cb5d1f55fac39936830647159f,False,0.0709762914584007,0.0395027346325002,True,-0.0166358326027876,True,
aa5aa5f115fe9599198127686f6a7e1c184259d8ae853985c8ad443c6a8b2d0a,NiFe_Ni95_Fe05_T600_4vac,524,196.82850443993405,0.6076618044529201,0.6535602974190624,4972478298379930765,measured_in_band,450,0,False,True,True,1,0.6404302779351383,-0.0001639837919356,True,True,1.2728549868086134,1.2784220357635576,0.0575216056922656,True,True,aa5aa5f115fe9599198127686f6a7e1c184259d8ae853985c8ad443c6a8b2d0a,False,0.0551250929367187,0.0399374300280244,True,0.0327684734822182,True,
d98d91a92114856ad772458fd6b51f3ab3b15ae9eedd6f497abf5800de615e06,NiFe_Ni95_Fe05_T700_5vac,668,192.833321930584,0.6550394829628204,0.6550394829628203,4972478298379930765,measured_in_band,450,0,False,True,True,1,0.6429982430622658,-0.0014674261392428,True,True,1.2598623528656214,1.2618184737029503,0.0441545807377923,True,True,d98d91a92114856ad772458fd6b51f3ab3b15ae9eedd6f497abf5800de615e06,False,0.0560331121340173,0.0553040566963512,True,-0.0120412399005546,True,
21c4d07744a8f3219899a3cd9a355209ec71ea307eefdfc8feccaf37ef31fbd4,NiFe_Ni95_Fe05_T600_4vac,525,192.1682544548418,0.6096623017434069,0.6553209262447126,4972478298379930765,measured_in_band,450,0,False,True,True,1,0.6453326858413675,0.0008209681859625,True,True,1.2788757021395338,1.2968091994726465,0.0652701048133029,True,True,21c4d07744a8f3219899a3cd9a355209ec71ea307eefdfc8feccaf37ef31fbd4,False,0.0652430537263398,0.0467549240935377,True,0.0356703840979606,True,
c220eafe43085364d30de102521984cba4aa5fd9eec99a754badbf0bfd4d797e,NiFe_Ni95_Fe05_T500_10vac,827,155.50838569612375,0.6133523108283044,0.6133523108283043,4972478298379930765,acceptance_failed,450,0,False,True,True,1,0.6057335980553944,0.0671768033334956,True,True,1.3247230423347554,1.3402586590309211,0.0571369767802547,True,False,76baef8948b27589ba129362f7f0683124e86a649e27b4e2ab636e78f807c8b3,False,0.0790457925114885,0.0568607571916115,False,-0.00761871277291,True,
a49d6e6f20a87b568a9021846087dfc31ce5dd8195ff4f1ea8e2a96e1bd8d3fe,NiFe_Ni95_Fe05_T700_1vac,125,155.02417579285895,0.6052513389561213,0.6599830704208216,4972478298379930765,measured_in_band,450,0,False,True,True,1,0.6423278974934874,-0.0017910173046402,True,True,1.2714203414485925,1.283771534838634,0.0596162475746564,True,True,a49d6e6f20a87b568a9021846087dfc31ce5dd8195ff4f1ea8e2a96e1bd8d3fe,False,0.0588707668227976,0.0454504231439503,True,0.0370765585373661,True,
11f9c7e0ef10ae52d7ad7283489e522be42ae99acf16e168a37594a68291f479,NiFe_Ni95_Fe05_T500_10vac,826,154.62643390066825,0.5447102506541341,0.5447102506541341,4972478298379930765,acceptance_failed,450,0,False,True,True,1,0.5362434241042138,-0.0695585503617621,True,True,1.2351044474623352,1.231919569649415,0.0753266761612895,True,False,b836d9c2319a3fde68f466b10cec3d0b0c68165c8544466a510f7c34523aae93,False,0.0773210321241593,0.0722899883760208,False,-0.0084668265499203,True,
332256ad525792b0b13a944a43dfe57e93ff34840a93cf7bc13665ba19b5f17d,NiFe_Ni95_Fe05_T600_2vac,266,152.6098595284447,0.6563919371528756,0.6563919371528755,4972478298379930765,measured_in_band,450,0,False,True,True,1,0.6420800440423591,0.0019692569790095,True,True,1.2747346612574313,1.2836202108793715,0.0652295482730868,True,True,332256ad525792b0b13a944a43dfe57e93ff34840a93cf7bc13665ba19b5f17d,False,0.0664271424263973,0.0536040347468776,True,-0.0143118931105165,True,
e449e878a59284bb645360e7e520a14635d63f793f888ef2bc2f674cfeaa08da,NiFe_Ni95_Fe05_T500_8vac,453,151.9687781763186,0.6652169553490239,0.6652169553490239,4972478298379930765,measured_in_band,450,0,False,True,True,1,0.6514322223233648,0.0336913257078776,True,True,1.2687633921137431,1.2720218862268422,0.0398671589530477,True,True,e449e878a59284bb645360e7e520a14635d63f793f888ef2bc2f674cfeaa08da,False,0.0611037631708181,0.0553207751366687,True,-0.013784733025659,True,
39a226f222d5e8c54a482d1a68dc25145285813c7ef71156387b68befce6b6a3,NiFe_Ni95_Fe05_T800_7vac,625,147.83830629230496,0.646974655609468,0.6471032463550728,4972478298379930765,refine_failed,456,0,False,True,False,15,,,,,,,,,,,,,,,,,"[{""rung"": 3, ""zseed"": 3004, ""ok"": false, ""artn_error"": ""(0, '')"", ""delr_sad"": 5.802714853790425}]"
a1deae9d0f67bb78715795603e02731a6126236ae3a4e78699a1846fe8b621d2,NiFe_Ni95_Fe05_T300_10vac,52,147.34976769037118,0.8108420922430963,0.8255349047230993,4972478298379930765,measured_in_band,450,0,False,True,True,1,0.806068974954087,-0.0470492970730447,True,True,1.112556381642109,1.1516987229279794,0.0804088321075871,True,True,a1deae9d0f67bb78715795603e02731a6126236ae3a4e78699a1846fe8b621d2,False,0.0817113042605421,0.0709175132549074,True,-0.0047731172890093,True,
597e93767b14848477b61d3201a90d6ab4da027a80ed75b09aac9af41914229b,NiFe_Ni95_Fe05_T700_5vac,667,146.85011978562224,0.6571929585679755,0.6571929585679754,4972478298379930765,measured_in_band,450,0,False,True,True,1,0.6452849903357674,-3.424626675041509e-05,True,True,1.2813261994312664,1.287608504643747,0.0566708190552894,True,True,597e93767b14848477b61d3201a90d6ab4da027a80ed75b09aac9af41914229b,False,0.072447025305233,0.0530949291617144,True,-0.0119079682322081,True,
ca5eecd69e91319077a3460f7ed9a1eb026b78daeb4de646214654aaf009781a,NiFe_Ni95_Fe05_T800_6vac,769,145.6084700841138,0.7085567037356669,0.7085567037356668,4972478298379930765,measured_in_band,450,0,False,True,True,1,0.6998277204193073,0.3289397442022164,True,True,1.5986440528260286,1.6084801585593875,0.0719152283818518,True,True,ca5eecd69e91319077a3460f7ed9a1eb026b78daeb4de646214654aaf009781a,False,0.0857009102608169,0.058997760979362,True,-0.0087289833163596,True,
2151580d46077030c494c0d59563320ebbff51a268451a22249688bcfd53d162,NiFe_Ni95_Fe05_T600_2vac,187,145.27216419565897,0.6744288014933774,0.6744288014933773,4972478298379930765,measured_in_band,450,0,False,True,True,1,0.6642708414574372,0.0373794160450415,True,True,1.2628447158731673,1.2657075115607188,0.0483088395811672,True,True,2151580d46077030c494c0d59563320ebbff51a268451a22249688bcfd53d162,False,0.0705355376407444,0.061651091814195,True,-0.0101579600359401,True,
ea46d0122d316abbb6f72a1b07ba470759854e0575d5152ec82fdbcb0fbfa34c,NiFe_Ni95_Fe05_T600_7vac,342,143.30157018817874,0.5907117663964528,0.5907117663964527,4972478298379930765,measured_in_band,450,0,False,True,True,1,0.5828985393677613,-0.0351729587687259,True,True,1.26592893452892,1.2650610057722935,0.0441690960300003,True,True,ea46d0122d316abbb6f72a1b07ba470759854e0575d5152ec82fdbcb0fbfa34c,False,0.0540806897325849,0.0505420565583241,True,-0.0078132270286915,True,
efaf5c1212bfcc7336318839d7221e9c05a755ed5af75b3d946698614c862e3b,NiFe_Ni95_Fe05_T600_2vac,186,142.5428394593512,0.6380265034986224,0.6380265034986223,4972478298379930765,measured_in_band,450,0,False,True,True,1,0.6252717835750445,-0.0384066907813576,True,True,1.2793230307489845,1.285694675522447,0.0680684658985062,True,True,efaf5c1212bfcc7336318839d7221e9c05a755ed5af75b3d946698614c862e3b,False,0.0705380907633526,0.0448080069541392,True,-0.0127547199235779,True,
63096f77f2d325d82fe80bb40901140eb357e2151c48be0f73786360f0312667,NiFe_Ni95_Fe05_T600_3vac,133,136.14384310314503,0.5951505030770556,0.640006769667707,4972478298379930765,measured_in_band,450,0,False,True,True,1,0.6316485259130786,0.0005202885126891,True,True,1.2703181522949711,1.2764707136111892,0.0622656569223306,True,True,57581e406dacd32ff1e85efb41dd61dab6dcafb819f1ca1a8c65cf83233c7d7f,True,0.0624506809505003,0.0565244561087371,True,0.0364980228360229,True,
0f237b6b4e5fe0e49f8394c3a8209d56a62ad167d0134f231905a7629361eb1c,NiFe_Ni95_Fe05_T600_9vac,880,134.92057496105463,0.2500583309038121,0.250058330903812,4972478298379930765,measured_in_band,450,0,False,True,True,6,0.2431430952624396,-0.4156037496786666,True,True,0.9793835478120833,0.91013155470581,0.1185653438052632,True,True,0f237b6b4e5fe0e49f8394c3a8209d56a62ad167d0134f231905a7629361eb1c,False,0.1737313702886043,0.1367058432019815,True,-0.0069152356413724,True,
f1428ca3add1ce3d99f8aa3ee3946b1f61339fb63a135f47e68af36b88d6f1b2,NiFe_Ni95_Fe05_T500_10vac,777,132.75590661575794,0.6445667322768714,0.6445667322768713,4972478298379930765,measured_in_band,450,0,False,True,True,1,0.635664665627246,0.001517143975434,True,True,1.2419202501812414,1.257247388923417,0.0728967216416302,True,True,f1428ca3add1ce3d99f8aa3ee3946b1f61339fb63a135f47e68af36b88d6f1b2,False,0.0720159131165881,0.0470883298908536,True,-0.0089020666496254,True,
5a59cd142d312f5360106861bf6679959f5336e5c8a292544e9f284522d4c11f,NiFe_Ni95_Fe05_T600_9vac,879,132.28464841572637,0.6680710231312333,0.6680710231312332,4972478298379930765,measured_in_band,450,0,False,True,True,1,0.6583145295921895,0.413897530819213,True,True,1.478100423174873,1.486714217940229,0.0540380233129439,True,True,5a59cd142d312f5360106861bf6679959f5336e5c8a292544e9f284522d4c11f,False,0.1394533719501252,0.1293112790624684,True,-0.0097564935390438,True,
ffca8812e5adac077c12961a0cf06e4e88e55b2012e452f76629408e7c41770f,NiFe_Ni95_Fe05_T600_2vac,267,131.87164264901935,0.6549634276116195,0.6549634276116194,4972478298379930765,measured_in_band,450,0,False,True,True,1,0.6412952025830236,-0.0024783682815723,True,True,1.2761643521519597,1.28341492694073,0.0627428455195088,True,True,ffca8812e5adac077c12961a0cf06e4e88e55b2012e452f76629408e7c41770f,False,0.0678503000514671,0.0589952625282266,True,-0.0136682250285958,True,
cae2a68163a7b6f20f87d634ca6154394c0e4566f98490e22e71c684e5e1c93d,NiFe_Ni95_Fe05_T600_2vac,332,124.76342710174151,0.6520371757333124,0.6520371757333123,4972478298379930765,measured_in_band,450,0,False,True,True,1,0.6383320589379764,0.0005751784733547,True,True,1.273746018286883,1.2853617473681176,0.0758791960603666,True,True,cae2a68163a7b6f20f87d634ca6154394c0e4566f98490e22e71c684e5e1c93d,False,0.0803673460538418,0.0693448023338327,True,-0.013705116795336,True,
61d48ec8ee88e16f82bc102418242c5724019a0a6d47de03361268694917b85d,NiFe_Ni95_Fe05_T300_2vac,42,124.52382963252494,0.8564622703971511,0.869338962898837,4972478298379930765,measured_in_band,450,0,False,True,True,1,0.8490563008986101,0.0451756132451919,True,True,1.4847824118749524,1.523493238482306,0.0825567104611593,True,True,61d48ec8ee88e16f82bc102418242c5724019a0a6d47de03361268694917b85d,False,0.0835318041251495,0.0759615525090511,True,-0.0074059694985409,True,
0d06d975d9c46c2068fd25b8366bcb6e32ebe239eb4826269aee136a786c7d35,NiFe_Ni95_Fe05_T600_2vac,331,124.23727660003438,0.6520404480188519,0.6520404480188517,4972478298379930765,measured_in_band,450,0,False,True,True,1,0.6379716473734334,-0.0010856250937649,True,True,1.276108955169181,1.2845579204974968,0.0657175734388878,True,True,0d06d975d9c46c2068fd25b8366bcb6e32ebe239eb4826269aee136a786c7d35,False,0.066373499447522,0.0477704737153904,True,-0.0140688006454184,True,
39e337157f3e7801f4886b82cbd0a4f3ce7570c32894653f7abe677b3f7ed2c8,NiFe_Ni95_Fe05_T500_10vac,776,119.21882112993312,0.6430320826975732,0.6430320826975731,4972478298379930765,measured_in_band,450,0,False,True,True,1,0.6350385663540692,-0.0024839916009113,True,True,1.3000902442628843,1.299837750632745,0.0568037409233063,True,True,39e337157f3e7801f4886b82cbd0a4f3ce7570c32894653f7abe677b3f7ed2c8,False,0.0567624477255798,0.049959213623162,True,-0.0079935163435039,True,
95fb9fa5327c9a4b4dffeb62a94045d04211ac474c6143d733b6d0629d4e6e52,NiFe_Ni95_Fe05_T300_10vac,53,115.91455478299208,0.8582870311685019,0.8728868738062374,4972478298379930765,measured_in_band,450,0,False,True,True,1,0.8510585607550638,0.0468683792687443,True,True,1.471811693582764,1.5052345504272109,0.0901390634211918,True,True,95fb9fa5327c9a4b4dffeb62a94045d04211ac474c6143d733b6d0629d4e6e52,False,0.0900317476344914,0.0657020055899297,True,-0.0072284704134381,True,
bcea3e9b438abde9f3633c2bcc9448dfa9261b76269f2308855ca050aa3ddb9b,NiFe_Ni95_Fe05_T600_8vac,894,115.07079771980122,0.7590756663821595,0.7590756663821594,4972478298379930765,measured_in_band,450,0,False,True,True,0,0.7522885019675414,-0.0450103679067979,True,True,1.2910192405033991,1.368046038837011,0.1959232842611488,True,True,bcea3e9b438abde9f3633c2bcc9448dfa9261b76269f2308855ca050aa3ddb9b,False,0.2012407772879255,0.1813519868292856,True,-0.0067871644146181,True,
9fff396bd41e8cac54da3b75f4fbaeba5317cbddc399ca6ff7082c8e627a6137,NiFe_Ni95_Fe05_T700_1vac,408,114.22795220763754,0.6538616121942482,0.6537304159201085,4972478298379930765,measured_in_band,450,0,False,True,True,1,0.6407578218559138,-0.0018156571604777,True,True,1.2603877800000491,1.261892463056716,0.0633854985161012,True,True,9fff396bd41e8cac54da3b75f4fbaeba5317cbddc399ca6ff7082c8e627a6137,False,0.0613414709739035,0.0383323303626247,True,-0.0131037903383344,True,
e4f4d432350c1fc7cd56de2e3a77bd8ae6288dfcf4668f9e160ab8ee2517b34d,NiFe_Ni95_Fe05_T600_3vac,132,112.6007783464786,0.5921261703832319,0.6387030630703521,4972478298379930765,measured_in_band,450,0,False,True,True,1,0.631845728661574,-0.0010954550866699,True,True,1.2752363152893844,1.2819083602269203,0.0632712780654087,True,True,75323c3bd798f370ddcb1613faac38562c18c6c8cac6209fc145cff146a03a3c,True,0.0623155144381967,0.0492166392441011,True,0.039719558278342,True,
4c1d3b572d17902574852f23d29d45717479e21c7d370149889653457ad3c21c,NiFe_Ni95_Fe05_T700_1vac,409,112.470870018699,0.6566313171799791,0.6565743044957344,4972478298379930765,measured_in_band,450,0,False,True,True,1,0.6451279854745735,0.0020307190611674,True,True,1.291726247781385,1.3081627515186072,0.0658537608776242,True,True,4c1d3b572d17902574852f23d29d45717479e21c7d370149889653457ad3c21c,False,0.070940765373603,0.0407112626212042,True,-0.0115033317054056,True,
efd7cdb63bd97d508d444d627f274f7cf2ea14021828d1a529723c71bb9cda29,NiFe_Ni95_Fe05_T800_6vac,768,111.65642288604394,0.3750150316300279,0.3750150316300278,4972478298379930765,measured_in_band,450,0,False,True,True,1,0.3703680990906832,-0.3282882204598536,True,True,0.9536582404380842,0.9725056260334364,0.0626929934740275,True,True,efd7cdb63bd97d508d444d627f274f7cf2ea14021828d1a529723c71bb9cda29,False,0.0615136452642121,0.0539218483127198,True,-0.0046469325393446,True,
505f23b6e23838df0de182eae0cbad6221b4d6363d8b40c0f6f63b51a3625629,NiFe_Ni95_Fe05_T800_1vac,181,111.32462843881989,0.6526042701025291,0.652604270102529,4972478298379930765,measured_in_band,450,0,False,True,True,1,0.6417501180503677,0.0008283241095341,True,True,1.2676402994047389,1.27202288545319,0.0694391777386407,True,True,505f23b6e23838df0de182eae0cbad6221b4d6363d8b40c0f6f63b51a3625629,False,0.073174545708849,0.0478483855298908,True,-0.0108541520521613,True,
8ff696c0d14c0cf52c7abf26e3614a5a42b7d4dcfbfd3908be92f53e41db020b,NiFe_Ni95_Fe05_T600_7vac,341,108.62864624918856,0.6263542119295381,0.626354211929538,4972478298379930765,measured_in_band,450,0,False,True,True,1,0.6177580768485313,0.0348358193082276,True,True,1.267229140356393,1.2695198191179662,0.0669374854570318,True,True,8ff696c0d14c0cf52c7abf26e3614a5a42b7d4dcfbfd3908be92f53e41db020b,False,0.0682637413139671,0.064762415214906,True,-0.0085961350810067,True,
f8ed25fca2a14fde145e7c550455790cdc3247bb9d638e51de4a645dc1cf3fad,NiFe_Ni95_Fe05_T400_5vac,160,106.6793681315958,0.6122110107885281,0.6421240977588241,4972478298379930765,measured_in_band,450,0,False,True,True,1,0.6356050161252824,9.607804804545594e-05,True,True,1.270588880172706,1.276797154619246,0.063275652801737,True,True,f8ed25fca2a14fde145e7c550455790cdc3247bb9d638e51de4a645dc1cf3fad,False,0.0635222179446918,0.0482357957168227,True,0.0233940053367542,True,
efc757d81ba196ffeea5495f1e6daed233a642e84dbcdd7b9467619ce888329b,NiFe_Ni95_Fe05_T600_10vac,612,106.31807105036034,0.6469783210386596,0.6469783210386595,4972478298379930765,measured_in_band,450,0,False,True,True,1,0.6378796867761594,0.0004554470137918,True,True,1.2744974729326046,1.2894102296122998,0.0625770824896451,True,True,efc757d81ba196ffeea5495f1e6daed233a642e84dbcdd7b9467619ce888329b,False,0.0579437423246262,0.0455833099503049,True,-0.0090986342625002,True,
f4fa21b0d86b052a683d1c037f9e2705c1e8151befa11b797ae1d37a631372b3,NiFe_Ni95_Fe05_T700_7vac,1176,105.94958857985796,0.6366988977079019,0.6366988977079018,4972478298379930765,measured_in_band,450,0,False,True,True,0,0.628879611168486,0.0016205791894208,True,True,1.2707329808353525,1.2813136069520257,0.0461087724246687,True,True,f4fa21b0d86b052a683d1c037f9e2705c1e8151befa11b797ae1d37a631372b3,False,0.0502215235022068,0.0411891613001047,True,-0.0078192865394158,True,
497cc0a7c508cbac85ad228e9636941abacf6cd7afe3ef3ab1e9df0dc361c638,NiFe_Ni95_Fe05_T800_9vac,1147,104.7453005280095,0.6513454742798787,0.6513454742798785,4972478298379930765,measured_in_band,450,0,False,True,True,1,0.6425903702606774,-0.0019974297683802,True,True,1.2654269656702035,1.272780637394645,0.0809920620573914,True,True,497cc0a7c508cbac85ad228e9636941abacf6cd7afe3ef3ab1e9df0dc361c638,False,0.0830799754650824,0.039689720799386,True,-0.0087551040192012,True,
f089dbd7e718e1a1a4bcf7f1aae554f6404b676b3705515c9a4d5f7ccf07ddfb,NiFe_Ni95_Fe05_T500_8vac,399,104.50818020699204,0.6274750295975032,0.6557714992804904,4972478298379930765,measured_in_band,450,0,False,True,True,1,0.644630365017747,0.0032992653127621,True,True,1.2614741565428682,1.2717889106166826,0.0560551562556906,True,True,f089dbd7e718e1a1a4bcf7f1aae554f6404b676b3705515c9a4d5f7ccf07ddfb,False,0.0572011079832938,0.0395570978847027,True,0.0171553354202437,True,
19141a81e7f1a3020419a493b9afa9a74b71131ee5d8f0d5814c7c747b4b8896,NiFe_Ni95_Fe05_T600_8vac,893,103.67193563544755,0.8013598683683086,0.8013598683683085,4972478298379930765,measured_in_band,450,0,False,True,True,11,0.7954539359880073,0.0424999107481198,True,True,1.4643509651974351,1.5357102701663476,0.1577637823400765,True,True,19141a81e7f1a3020419a493b9afa9a74b71131ee5d8f0d5814c7c747b4b8896,False,0.1839789900379304,0.150639092032974,True,-0.0059059323803013,True,
e40e87481c8af178df3d5b1a2158afd57766595ffd16435c09bc266c790854fa,NiFe_Ni95_Fe05_T600_9vac,783,103.04200755665876,0.5968309400610113,0.5964807700074743,4972478298379930765,measured_in_band,450,0,False,True,True,1,0.5909379185923171,0.0675522635183369,True,True,1.2593976104241775,1.2558602945925093,0.1107694221886997,True,True,e40e87481c8af178df3d5b1a2158afd57766595ffd16435c09bc266c790854fa,False,0.1094432419482029,0.0592810645564861,True,-0.0058930214686941,True,
3b97e057e186d44dd59e3d494d97ca17e64387e2177a689d8a733d34a62a2baf,NiFe_Ni95_Fe05_T800_6vac,1276,102.41360174686078,0.6438726345832039,0.6438726345832038,4972478298379930765,measured_in_band,450,0,False,True,True,1,0.6328627335715282,-0.0009893209216897,True,True,1.267453169283684,1.2737633720855508,0.0826302845907364,True,True,3b97e057e186d44dd59e3d494d97ca17e64387e2177a689d8a733d34a62a2baf,False,0.0838013734665932,0.0470250943519736,True,-0.0110099010116756,True,
81b21b9cc72ad3b6b2a4e13cb0ccbfa329f48bca739631910ffe9eb6939cc3b7,NiFe_Ni95_Fe05_T600_10vac,611,101.37890654727626,0.6446635249039901,0.64466352490399,4972478298379930765,measured_in_band,450,0,False,True,True,1,0.6336127136132745,-0.0010177698145525,True,True,1.271904310451859,1.277302380660538,0.0609564473032531,True,True,81b21b9cc72ad3b6b2a4e13cb0ccbfa329f48bca739631910ffe9eb6939cc3b7,False,0.0639677443010895,0.0387889488151696,True,-0.0110508112907156,True,
459856208b242f4499af91fa51c408d7c642a9cabce9fc2e8bfd90e1de971c02,NiFe_Ni95_Fe05_T500_8vac,398,100.68626651229653,0.6225465186942285,0.6527186181519937,4972478298379930765,measured_in_band,450,0,False,True,True,1,0.6398988219293642,-0.0038603848620368,True,True,1.2927572507215084,1.2988180456236245,0.0600598473339677,True,True,459856208b242f4499af91fa51c408d7c642a9cabce9fc2e8bfd90e1de971c02,False,0.0636097092830247,0.0443706612327423,True,0.0173523032351357,True,
ec8cd3be5d00356978d9e31ef214053a26c537749a8eae0ac0c8c456a55180dd,NiFe_Ni95_Fe05_T500_3vac,100,100.32784225639028,0.5855118442232707,0.6242384289244001,4972478298379930765,measured_in_band,450,0,False,True,True,1,0.6138823562828293,0.0351100501916334,True,True,1.267178272666891,1.2675534438166325,0.0735811254197789,True,True,ec8cd3be5d00356978d9e31ef214053a26c537749a8eae0ac0c8c456a55180dd,False,0.0746725529921151,0.0478370498804275,True,0.0283705120595585,True,
59fb22adcd6d46a1d5d3abba6882750c720607c8f0f693d44c7403a48fcad035,NiFe_Ni95_Fe05_T800_1vac,182,98.50604595012383,0.6512107975386244,0.6512107975386243,4972478298379930765,measured_in_band,450,0,False,True,True,1,0.6404754334257632,-0.0020778794837497,True,True,1.2783671540125172,1.2841520954252452,0.0660348212954555,True,True,68eb4a00c5d6e256e2d777b99fde98ebd18e4d7aa120c0b00c005b7eb397a11b,True,0.0696897723898236,0.056916956920943,True,-0.0107353641128612,True,
0f04377268b203c6e056bcdbda4030c37fc7b080a38be905197b68db3ab362a2,NiFe_Ni95_Fe05_T400_5vac,161,97.71825771781532,0.6142958409735496,0.6431284003811015,4972478298379930765,measured_in_band,450,0,False,True,True,1,0.6366663001554116,-0.0005036299940002,True,True,1.2676226914604551,1.2700963424867642,0.0821931026079668,True,True,0f04377268b203c6e056bcdbda4030c37fc7b080a38be905197b68db3ab362a2,False,0.0815325130579881,0.0423135477645316,True,0.0223704591818619,True,
b33e204941e282936021c966a50c2523e06f15c0ae4c42d57393487d12f93aae,NiFe_Ni95_Fe05_T600_7vac,472,97.5508106040256,0.593638596411438,0.5936385964114379,4972478298379930765,measured_in_band,450,0,False,True,True,1,0.582586328873731,-0.0349232328649122,True,True,1.2687605883102768,1.2725434910973514,0.0549529028569006,True,True,b33e204941e282936021c966a50c2523e06f15c0ae4c42d57393487d12f93aae,False,0.0558360879854765,0.0505043091494096,True,-0.011052267537707,True,
e1e205b69fc0b07a9dd98c20e2695b00d7019249ef8fea50497a75abd9cfd7b7,NiFe_Ni95_Fe05_T700_7vac,1175,97.44171122333287,0.6342410368843048,0.6342410368843048,4972478298379930765,measured_in_band,450,0,False,True,True,0,0.6269424826618888,-0.0015872176040829,True,True,1.2706764957418268,1.2722105028028718,0.0421320759126667,True,True,e1e205b69fc0b07a9dd98c20e2695b00d7019249ef8fea50497a75abd9cfd7b7,False,0.0450758005487159,0.0435396502105264,True,-0.0072985542224159,True,
7fb85a3d3e73d276b0408e4ae14529eab087468d49d3582b032f53dcd2c9f000,NiFe_Ni95_Fe05_T800_8vac,1366,96.46752071613952,0.7122270702793684,0.7122270702793685,4972478298379930765,refine_failed,460,0,False,True,False,15,,,,,,,,,,,,,,,,,"[{""rung"": 3, ""zseed"": 3004, ""ok"": false, ""artn_error"": ""(-10, 'EIGENVALUE LOST, try to increase nnewchance or nsmooth')""}]"
43ca8d657100dde20c0b34bf41ba64ed983e1161a9bb2b3aa1ccd197f29fb59f,NiFe_Ni95_Fe05_T800_8vac,1367,96.23268214244013,0.3646862097002667,0.3646862097002668,4972478298379930765,measured_in_band,450,0,False,True,True,1,0.3593780557453101,-0.3393198940339061,True,True,0.9713007035554582,0.9813770146597548,0.0887669725248639,True,True,43ca8d657100dde20c0b34bf41ba64ed983e1161a9bb2b3aa1ccd197f29fb59f,False,0.089843362037296,0.0622081302569734,True,-0.0053081539549565,True,
1e102a522acb7bf1216723422af10fdca9b39dd75844585795c9b62e846ad2e9,NiFe_Ni95_Fe05_T500_8vac,454,93.26386494184196,0.6326189055280338,0.6326189055280338,4972478298379930765,measured_in_band,450,0,False,True,True,1,0.6159634771729543,-0.0347326614237317,True,True,1.2688028084531682,1.2713788787081568,0.0590229736358504,True,True,1e102a522acb7bf1216723422af10fdca9b39dd75844585795c9b62e846ad2e9,False,0.0558317934734884,0.0492055883973188,True,-0.0166554283550794,True,
b687a6d8790283c0d4e7047cbd6afddb58a87af80473f0e203e4e3ceb69ec446,NiFe_Ni95_Fe05_T600_7vac,494,93.1895957962364,0.6511808853820185,0.6511808853820185,4972478298379930765,measured_in_band,450,0,False,True,True,1,0.6374828525636076,0.0015860753328524,True,True,1.2825710935628152,1.282508718822605,0.0532604824840256,True,True,b687a6d8790283c0d4e7047cbd6afddb58a87af80473f0e203e4e3ceb69ec446,False,0.0531038772013966,0.0424749757046927,True,-0.0136980328184108,True,
9c99c095da7b904cd14adcc36f245c40ae468c7ef42e38d5592caba44e95dac1,NiFe_Ni95_Fe05_T800_7vac,564,93.1470580354412,0.6452227809283343,0.6450797569268616,4972478298379930765,measured_in_band,450,0,False,True,True,1,0.6370677806953609,0.0001541902679491,True,True,1.2806812778183074,1.2895765183710193,0.0989905289643605,True,True,9c99c095da7b904cd14adcc36f245c40ae468c7ef42e38d5592caba44e95dac1,False,0.0985169592093604,0.0539240673499189,True,-0.0081550002329734,True,
ad1787b572ccfee65616c18b6b2b2ff4b4d5e2c279eb1ee4c4ee1624ae79122e,NiFe_Ni95_Fe05_T600_7vac,495,93.06153952319644,0.6501186766872707,0.6501186766872706,4972478298379930765,measured_in_band,450,0,False,True,True,1,0.6348797376695074,-0.0013594387432931,True,True,1.2600218962874552,1.2662866936026005,0.083836798957826,True,True,ad1787b572ccfee65616c18b6b2b2ff4b4d5e2c279eb1ee4c4ee1624ae79122e,False,0.0826216996858173,0.0419472007393184,True,-0.0152389390177632,True,
1995fa903841e8360ceb3dc84d66db5125609e1da3c71bafe031159c4e40a456,NiFe_Ni95_Fe05_T800_9vac,939,89.33659848597232,0.6557530816044166,0.6557530816044164,4972478298379930765,measured_in_band,450,0,False,True,True,1,0.6455608674527866,0.0009118842654061,True,True,1.2739562402159808,1.2853483815668696,0.0720252579826087,True,True,1995fa903841e8360ceb3dc84d66db5125609e1da3c71bafe031159c4e40a456,False,0.0729512474105721,0.0376570699327385,True,-0.0101922141516299,True,
ad1c5514512184066fd8d65a8beec15e85266b29554947a8ea736cf1a3b97024,NiFe_Ni95_Fe05_T300_2vac,43,89.29782380535143,0.8114854704318453,0.8235682464692218,4972478298379930765,measured_in_band,450,0,False,True,True,1,0.8054616266040284,-0.0471145614851593,True,True,1.106363161068849,1.1437039706442276,0.0934690498335688,True,True,ad1c5514512184066fd8d65a8beec15e85266b29554947a8ea736cf1a3b97024,False,0.0961297145593567,0.0711498480091676,True,-0.0060238438278168,True,
f0502277633d5dbf1374566cdd92576ccd16c70d17017ead2890dad017065ae1,NiFe_Ni95_Fe05_T700_6vac,262,88.07000044879481,0.644729778220608,0.6447297782206078,4972478298379930765,measured_in_band,450,0,False,True,True,1,0.6367969233715485,0.0003409647324588,True,True,1.261834559274498,1.2673134873246132,0.0572431874178384,True,True,f0502277633d5dbf1374566cdd92576ccd16c70d17017ead2890dad017065ae1,False,0.0555648306847068,0.0476077667251221,True,-0.0079328548490594,True,
f1b2965f9da7276c8c124f4883ba3e0cd02aa9d0c47560197bd63734d698fed4,NiFe_Ni95_Fe05_T500_3vac,99,87.92097996550028,0.5509090317071792,0.5884690332486571,4972478298379930765,measured_in_band,450,0,False,True,True,1,0.578037131774181,-0.0358141316169167,True,True,1.2688042310779817,1.2710805743336475,0.0575486084904229,True,True,f1b2965f9da7276c8c124f4883ba3e0cd02aa9d0c47560197bd63734d698fed4,False,0.0583134294591106,0.0448975412357404,True,0.0271281000670018,True,
b0590906021ad4f4f01f6a1c916ed0afea4f2d92c24ef37750af4561bff4667a,NiFe_Ni95_Fe05_T600_7vac,473,84.06715257184175,0.6270026317588419,0.6270026317588417,4972478298379930765,measured_in_band,450,0,False,True,True,1,0.6147419108433496,0.0337831268830086,True,True,1.2694343881971195,1.2690378111906109,0.0642256802589137,True,True,b0590906021ad4f4f01f6a1c916ed0afea4f2d92c24ef37750af4561bff4667a,False,0.068021341650554,0.0511882095533067,True,-0.0122607209154922,True,
9cd82370e14c87fec5ddefcb7ffac7b73baa638eced2ba2199417d54eab9ca8d,NiFe_Ni95_Fe05_T300_3vac,8,83.28384061565984,0.7347819186540766,0.7431642201572686,4972478298379930765,measured_in_band,450,0,False,True,True,1,0.7300215313607623,-0.0674652193170004,True,True,1.3712883712088997,1.395305486017845,0.0949585695999085,True,True,9cd82370e14c87fec5ddefcb7ffac7b73baa638eced2ba2199417d54eab9ca8d,False,0.0954499855450137,0.0801735933431978,True,-0.0047603872933142,True,
d3ce54478c962d99a38a30b40aa0c7b35a1ef90b5d6530d1de2e164c13f26225,NiFe_Ni95_Fe05_T700_1vac,382,82.47735462229542,0.6564745419484695,0.6563185972590873,4972478298379930765,measured_in_band,450,0,False,True,True,1,0.6413066679160693,-0.0008331769076903,True,True,1.26564712251485,1.2700322436548614,0.057410616858386,True,True,d3ce54478c962d99a38a30b40aa0c7b35a1ef90b5d6530d1de2e164c13f26225,False,0.0551173491785951,0.0372140936362276,True,-0.0151678740324002,True,
bd58978ae11e3f1390bb9bd85dc753662ee396fcc7fea2d8f755e70eb0591f9d,NiFe_Ni95_Fe05_T700_9vac,1280,81.64734350371509,0.6490146281557828,0.6490146281557827,4972478298379930765,measured_in_band,450,0,False,True,True,1,0.63834528375628,-0.0029565320196525,True,True,1.2641180483305308,1.2680953515234632,0.0627051261427763,True,True,bd58978ae11e3f1390bb9bd85dc753662ee396fcc7fea2d8f755e70eb0591f9d,False,0.0600000756585683,0.0414160029962214,True,-0.0106693443995028,True,
db8aa29660fb308a0eabe3c0a8eb939993cf2a39f85e4e2a35a484d07789b294,NiFe_Ni95_Fe05_T600_1vac,393,81.16112561999861,0.6523924779858135,0.6523924779858135,4972478298379930765,measured_in_band,450,0,False,True,True,1,0.6408894573696671,-0.0003508192476147,True,True,1.275346581378337,1.288776970094985,0.0674364641522262,True,True,db8aa29660fb308a0eabe3c0a8eb939993cf2a39f85e4e2a35a484d07789b294,False,0.067554730461835,0.0556382550037782,True,-0.0115030206161463,True,
bb09fbc5982d166bbc3baba928f5dc6aef69aafe5943ec560807060df1dd18b6,NiFe_Ni95_Fe05_T600_8vac,881,81.08210416540057,0.3964719926270845,0.3964719926270845,4972478298379930765,measured_in_band,450,0,False,True,True,6,0.3827679695837105,-0.4466865390359089,True,True,0.8705919311131093,0.8098163211416495,0.1669006798079101,True,True,bb09fbc5982d166bbc3baba928f5dc6aef69aafe5943ec560807060df1dd18b6,False,0.1723138288912979,0.1486450655259862,True,-0.0137040230433739,True,
caed33222c0b33a0c4c7204a17171ba766a59c666ed80f597ba3439d713187ba,NiFe_Ni95_Fe05_T500_8vac,467,79.29064119368212,0.6328512444924854,0.6328512444924854,4972478298379930765,acceptance_failed,450,0,False,True,True,1,0.6207671822089651,-0.0329661333607873,False,True,0.0594614817000351,0.0964181529119639,0.093384454270413,True,True,caed33222c0b33a0c4c7204a17171ba766a59c666ed80f597ba3439d713187ba,False,0.0908699777334377,0.082152050250811,False,-0.0120840622835203,True,
812eea01a882dc82d2b37e7c291fd269f5cacbde93eecf10a8ea2c27d2e75f38,NiFe_Ni95_Fe05_T700_5vac,363,78.4920394050611,0.6348077310385634,0.6348077310385634,4972478298379930765,measured_in_band,450,0,False,True,True,1,0.6247960188838988,-0.0341429185841661,True,True,1.2502732226109663,1.2580277634372603,0.0574470229735185,True,True,812eea01a882dc82d2b37e7c291fd269f5cacbde93eecf10a8ea2c27d2e75f38,False,0.0531149339109218,0.0439881960446217,True,-0.0100117121546645,True,
31294b6fd7f23062d87888e832fcaebcc894e98258ac49e330749cb333a1518d,NiFe_Ni95_Fe05_T700_6vac,261,78.41749222705505,0.6444062622558705,0.6444062622558704,4972478298379930765,measured_in_band,450,0,False,True,True,0,0.6358732980302193,-0.0010582036693449,True,True,1.282634689757,1.2911872488597502,0.0611273733698282,True,True,31294b6fd7f23062d87888e832fcaebcc894e98258ac49e330749cb333a1518d,False,0.0590296920767654,0.0418794407275591,True,-0.0085329642256511,True,
a384bbd4ae800a67c32ebf85a4241808d7446e06e5fd52ce162f7ef35bb057c8,NiFe_Ni95_Fe05_T800_9vac,938,78.3024588547382,0.6543026837753133,0.6543026837753132,4972478298379930765,refine_failed,460,0,False,True,False,15,,,,,,,,,,,,,,,,,"[{""rung"": 3, ""zseed"": 3004, ""ok"": false, ""artn_error"": ""(0, '')"", ""delr_sad"": 5.711970134495415}]"
812b128bbb804e83ad2cc4a59d264075f67d97ddb98948861584d335c157e604,NiFe_Ni95_Fe05_T700_9vac,1281,77.50496977388357,0.6518635892198291,0.651863589219829,4972478298379930765,measured_in_band,450,0,False,True,True,1,0.6399778909212728,0.0006622837313443,True,True,1.2824392729943652,1.2938938049967474,0.0833641361768417,True,True,812b128bbb804e83ad2cc4a59d264075f67d97ddb98948861584d335c157e604,False,0.0826464733766293,0.0497103664336961,True,-0.0118856982985563,True,
5cb99912a626a1882233a6f9ce0063dc1e555cb462c6311d2c2401132f1c5b72,NiFe_Ni95_Fe05_T700_1vac,359,77.35124436543809,0.66060654920574,0.6606006405127118,4972478298379930765,measured_in_band,450,0,False,True,True,1,0.6435863448318742,-0.0012473238543861,True,True,1.2715552564104722,1.2845622488167956,0.0612306849081139,True,True,5cb99912a626a1882233a6f9ce0063dc1e555cb462c6311d2c2401132f1c5b72,False,0.0611473011528271,0.0455239090566287,True,-0.0170202043738658,True,
925348170914e63cf7d6da2e4269e05f38ed68e36c3a9834fad0813ffe3b59ff,NiFe_Ni95_Fe05_T600_9vac,784,76.00975323978744,0.5288836739811814,0.5283768582712582,4972478298379930765,measured_in_band,450,0,False,True,True,1,0.5226977959869146,-0.06788138511547,True,True,1.264382262058528,1.2622464940759108,0.0649051832639376,True,True,925348170914e63cf7d6da2e4269e05f38ed68e36c3a9834fad0813ffe3b59ff,False,0.0697231586342771,0.0504292224694737,True,-0.0061858779942668,True,
dfbfa5d11cddcbe59464baa765b6740373670b2517204abfbfa53fe8c0bf1df1,NiFe_Ni95_Fe05_T700_5vac,362,74.86733333031367,0.6678712716420706,0.6678712716420705,4972478298379930765,measured_in_band,450,0,False,True,True,1,0.656012774156352,0.0324796861514187,True,True,1.2894502557058285,1.2911927768139242,0.0405792568511844,True,True,dfbfa5d11cddcbe59464baa765b6740373670b2517204abfbfa53fe8c0bf1df1,False,0.060411229046575,0.0556637160172929,True,-0.0118584974857186,True,
3f5525946db94c6b7d9b08659b08cbceeb7c0bf9640caa41a28652cb025dd0ce,NiFe_Ni95_Fe05_T700_1vac,383,72.7054661025249,0.6577534373711517,0.6574716028571856,4972478298379930765,measured_in_band,450,0,False,True,True,1,0.6426323643604519,0.0006341096791402,True,True,1.2820387629815773,1.29198887857913,0.0599265238513496,True,True,3f5525946db94c6b7d9b08659b08cbceeb7c0bf9640caa41a28652cb025dd0ce,False,0.061608231203999,0.0397853570119561,True,-0.0151210730106997,True,
ad7fbf7a67d09d704490a66729f71889db164106ec652605a320fb4c9a5d7003,NiFe_Ni95_Fe05_T600_8vac,882,72.64662268677682,0.8428432595528648,0.8428432595528648,4972478298379930765,measured_in_band,450,0,False,True,True,1,0.8283743884435353,0.4464672524327397,True,True,1.6079279896347387,1.6347818766659463,0.1247450895487999,True,True,ad7fbf7a67d09d704490a66729f71889db164106ec652605a320fb4c9a5d7003,False,0.1252878460697807,0.1235094592875267,True,-0.0144688711093294,True,
562a533097d282cb2b427cc172f84c630c47cdc20cad5cbc7f48b7ad755781f0,NiFe_Ni95_Fe05_T800_9vac,1178,72.19787265609136,0.6545792017350324,0.6545792017350323,4972478298379930765,measured_in_band,450,0,False,True,True,1,0.645631863050312,0.0006535663669637,True,True,1.288901669486448,1.3016732469629106,0.078536789517107,True,True,562a533097d282cb2b427cc172f84c630c47cdc20cad5cbc7f48b7ad755781f0,False,0.0794655393153778,0.0372056589571018,True,-0.0089473386847204,True,
9f725bb3b74e5a82d94afcf04c6bcee15763c188c752ec2f7311582889e886df,NiFe_Ni95_Fe05_T800_9vac,980,70.62510558484972,0.6550865951312519,0.6550865951312517,4972478298379930765,refine_failed,461,0,False,True,False,15,,,,,,,,,,,,,,,,,"[{""rung"": 3, ""zseed"": 3004, ""ok"": false, ""artn_error"": ""(0, '')"", ""delr_sad"": 5.695094690815712}]"
8b6a8895fe6035c91ef513c164062c4d7a08197609ae5d47ee6983521ddcad54,NiFe_Ni95_Fe05_T800_2vac,701,70.08570778142786,0.6602676904840338,0.6602676904840337,4972478298379930765,measured_in_band,450,0,False,True,True,1,0.6461549860482592,-5.01131844430347e-05,True,True,1.2716894460733468,1.2822022258995909,0.0552582652395727,True,True,8b6a8895fe6035c91ef513c164062c4d7a08197609ae5d47ee6983521ddcad54,False,0.0552881016077233,0.0482380910881682,True,-0.0141127044357746,True,
2cc3a7e728d3d798129676cf536f6e2074cc2eb27f7c0bfaea874edf880d908b,NiFe_Ni95_Fe05_T700_10vac,1202,69.78057021233815,0.7213659446533712,0.7213659446533711,4972478298379930765,measured_in_band,448,0,False,True,True,11,0.7174186742345228,-0.0484665752519504,True,True,1.218081559247653,1.2900137858934655,0.1661408952762813,True,True,2cc3a7e728d3d798129676cf536f6e2074cc2eb27f7c0bfaea874edf880d908b,False,0.198109271623001,0.168280875548438,True,-0.0039472704188484,True,
c446d90841c75189dec5dd0fb13e3ebe4361a2b424cf034b508d5ac4906c9979,NiFe_Ni95_Fe05_T600_2vac,356,68.65722158710201,0.6664139123686256,0.6664139123686255,4972478298379930765,measured_in_band,450,0,False,True,True,1,0.6537960279229083,-0.0048704712899052,True,True,1.259586015872247,1.24820037402911,0.0689472475917455,True,True,c446d90841c75189dec5dd0fb13e3ebe4361a2b424cf034b508d5ac4906c9979,False,0.0700862746123851,0.0592114977950483,True,-0.0126178844457173,True,
507913396d0bb54736d3b0b42b427ab03674e9e5749f54cc880cd9e8abb3de8c,NiFe_Ni95_Fe05_T700_7vac,1143,68.46692488749365,0.6395649710857468,0.639564971085747,4972478298379930765,measured_in_band,450,0,False,True,True,1,0.6312193653079703,-6.716816051266505e-05,True,True,1.267440164285942,1.2732361050271754,0.0580871382484126,True,True,507913396d0bb54736d3b0b42b427ab03674e9e5749f54cc880cd9e8abb3de8c,False,0.0565561456428467,0.0417038526342289,True,-0.0083456057777765,True,
2eb32c90157567d68c9d4cb916a4f0b3e488655755cbeb18e7ea002f7ff934c4,NiFe_Ni95_Fe05_T600_10vac,448,67.92857877354467,0.6453720968565905,0.6453720968565904,4972478298379930765,measured_in_band,450,0,False,True,True,1,0.6381653222210844,-0.0031648662024963,True,True,1.2714389276866782,1.274387186669053,0.1446018002340427,True,True,2eb32c90157567d68c9d4cb916a4f0b3e488655755cbeb18e7ea002f7ff934c4,False,0.1419284149374447,0.0538861166988161,True,-0.0072067746355061,True,
73717032f640c5a3ee951fca699ca27b0f13790c078e7155763b71b8b7cd42f3,NiFe_Ni95_Fe05_T800_6vac,1275,67.24611308159503,0.6456992468483805,0.6456992468483804,4972478298379930765,refine_failed,461,0,False,True,False,15,,,,,,,,,,,,,,,,,"[{""rung"": 3, ""zseed"": 3004, ""ok"": false, ""artn_error"": ""(0, '')"", ""delr_sad"": 6.174584200693797}]"
1255cba7c6ae4a57eb21e3bf7ac3650d35d176bd2bd1eb69240fd6d1f405d58f,NiFe_Ni95_Fe05_T600_10vac,549,66.70559969270562,0.6459225713751949,0.6459225713751948,4972478298379930765,measured_in_band,450,0,False,True,True,1,0.6354722121291161,-0.0006456298137891,True,True,1.2620644742994551,1.2665292351238069,0.0552416454839606,True,True,1255cba7c6ae4a57eb21e3bf7ac3650d35d176bd2bd1eb69240fd6d1f405d58f,False,0.0580713014618314,0.045661872209517,True,-0.0104503592460788,True,
a0def239485f4cbd03d50ce905d6b188ff8acadfc5de25e27d192656ab1ef82e,NiFe_Ni95_Fe05_T800_9vac,1382,66.65724390906473,0.6615307430283793,0.6615307430283792,4972478298379930765,measured_in_band,450,0,False,True,True,1,0.6485171562731011,0.0031079451478035,True,True,1.2703502835146443,1.2784768439585417,0.0578131136890718,True,True,a0def239485f4cbd03d50ce905d6b188ff8acadfc5de25e27d192656ab1ef82e,False,0.0581854804049166,0.0440739234477563,True,-0.0130135867552781,True,
6c87c170efee064af91a4aa318a2fccae084bc5b80c40e0269d2ec3c18f98251,NiFe_Ni95_Fe05_T600_1vac,214,66.09373389617204,0.6537946607595587,0.6537946607595586,4972478298379930765,measured_in_band,450,0,False,True,True,1,0.6405662785878121,-0.0269700604917488,True,True,1.274397908587218,1.2847688610068293,0.0654137185247569,True,True,6c87c170efee064af91a4aa318a2fccae084bc5b80c40e0269d2ec3c18f98251,False,0.0671829562851214,0.0423291675990072,True,-0.0132283821717466,True,
5ca4775213af4f3157f1d6efb5658f56ae6abda61bb367e9cdc7ba75bb71bd51,NiFe_Ni95_Fe05_T700_9vac,612,64.20008657305591,0.6904270025406732,0.6904270025406731,4972478298379930765,measured_in_band,450,0,False,True,True,1,0.6821190019868482,0.3616717026516198,True,True,1.569574935147206,1.5767938804130155,0.1106110487437987,True,True,5ca4775213af4f3157f1d6efb5658f56ae6abda61bb367e9cdc7ba75bb71bd51,False,0.1096008768511181,0.1058690197690668,True,-0.008308000553825,True,
34cc794bdcb6c32f36f6f0df694210d2c63d054c7a49befc7bf6ebdabd95af7e,NiFe_Ni95_Fe05_T700_7vac,348,63.9169462695809,0.6499175125063631,0.649917512506363,4972478298379930765,measured_in_band,450,0,False,True,True,1,0.6442664027081264,0.0001876220258054,True,True,1.264853210599863,1.2703459211877457,0.0705389071309597,True,True,34cc794bdcb6c32f36f6f0df694210d2c63d054c7a49befc7bf6ebdabd95af7e,False,0.0708307287905344,0.0487363096299414,True,-0.0056511097982366,True,
e068ce82ae9d72592a7256cbbf13725f01eb7eb9df66a52715f1b18bd2f70399,NiFe_Ni95_Fe05_T700_10vac,1188,63.62714406789251,0.3686621781434952,0.3686621781434951,4972478298379930765,measured_in_band,450,0,False,True,True,1,0.359408567761875,-0.4859419888234697,True,True,0.9704184163323016,1.0312628073435035,0.1155248979924916,True,True,e068ce82ae9d72592a7256cbbf13725f01eb7eb9df66a52715f1b18bd2f70399,False,0.1136008705939381,0.0970108655988085,True,-0.0092536103816202,True,
eff7538cfaa5591283cdfe33ed4d2f1ceb975fc33ffb23ff93ab01b9bd7bf66a,NiFe_Ni95_Fe05_T800_2vac,702,62.61029615712122,0.6606293234262922,0.6606293234262921,4972478298379930765,measured_in_band,450,0,False,True,True,1,0.648871614728705,-0.0005095481283206,True,True,1.2815444862801693,1.2935566795302276,0.0716203192494827,True,True,eff7538cfaa5591283cdfe33ed4d2f1ceb975fc33ffb23ff93ab01b9bd7bf66a,False,0.0744001112517166,0.0436172613728772,True,-0.0117577086975871,True,
d4fae9b05592324bbba6f30d671ede82f0edaa4fa0ffd4ee3cf6cef39d11f73a,NiFe_Ni95_Fe05_T700_10vac,1201,61.48217963884032,0.7670708114665105,0.7670708114665103,4972478298379930765,measured_in_band,450,0,False,True,True,11,0.7611055175966612,0.0455225930850247,True,True,1.5390895080471547,1.614318682859635,0.162725043943106,True,True,d4fae9b05592324bbba6f30d671ede82f0edaa4fa0ffd4ee3cf6cef39d11f73a,False,0.1820898780793313,0.1546984848251928,True,-0.0059652938698492,True,
1aab94afb8fe023d67839ec5a606d4edbe4ead3089731aa45b958ca3849b3b17,NiFe_Ni95_Fe05_T600_10vac,447,60.673311191822194,0.6479268601706282,0.6479268601706281,4972478298379930765,measured_in_band,450,0,False,True,True,1,0.640440643007878,0.0031351413458651,True,True,1.274264359646723,1.2942883122938542,0.1026955177887095,True,True,1aab94afb8fe023d67839ec5a606d4edbe4ead3089731aa45b958ca3849b3b17,False,0.1061082467677538,0.0577569295291307,True,-0.0074862171627502,True,
db4eec3996e542c86ec3f9fafbc766c2f636ee637d9ebf9eb700b9badbb7c925,NiFe_Ni95_Fe05_T600_1vac,419,60.56034441958284,0.6473597271033215,0.6473597271033213,4972478298379930765,measured_in_band,450,0,False,True,True,1,0.6374716722234552,-0.0043653073166751,True,True,1.2682804832111525,1.2703982995888894,0.0595951611322083,True,True,db4eec3996e542c86ec3f9fafbc766c2f636ee637d9ebf9eb700b9badbb7c925,False,0.0594481960025405,0.0496187607308145,True,-0.0098880548798662,True,
d43a1885e750788cfdf3adc6b0882246b65e4473d3354da204414e92d6fcc9bb,NiFe_Ni95_Fe05_T800_6vac,1313,60.417182818896826,0.6463003019443934,0.6463003019443931,4972478298379930765,measured_in_band,450,0,False,True,True,1,0.6331454107562422,-0.0006627436023336,True,True,1.2762662054549434,1.2786383479686467,0.0692308575525571,True,True,d43a1885e750788cfdf3adc6b0882246b65e4473d3354da204414e92d6fcc9bb,False,0.0701837589055263,0.0494769830500632,True,-0.0131548911881511,True,
536f669ca73b65f1e22c239a1d42e373417ecd404338ae25318faeb1a8c4222b,NiFe_Ni95_Fe05_T600_1vac,213,60.408986334395024,0.6813058829156945,0.6813058829156944,4972478298379930765,measured_in_band,450,0,False,True,True,1,0.6691278306975619,0.0266489425807776,True,True,1.2598904065036145,1.2510009163116835,0.0508795393963405,True,True,536f669ca73b65f1e22c239a1d42e373417ecd404338ae25318faeb1a8c4222b,False,0.0584292115963373,0.0500794193021719,True,-0.0121780522181326,True,
eac0c452871de0289ead056576fce0751fb76aab053fa65a4c8d5834ac4d17b2,NiFe_Ni95_Fe05_T700_9vac,691,58.73081314815992,0.6580567555056406,0.6580567555056405,4972478298379930765,measured_in_band,450,0,False,True,True,1,0.6456934412435658,-0.0024847299600878,True,True,1.2800931144033003,1.2895739730835427,0.0717326057909679,True,True,eac0c452871de0289ead056576fce0751fb76aab053fa65a4c8d5834ac4d17b2,False,0.0667046263884077,0.0432451601878534,True,-0.0123633142620748,True,
56deea505c4863068921fcb2a11757f53e1bc6548089f1fcfacc4edbc8ee55b8,NiFe_Ni95_Fe05_T600_1vac,394,58.57574466837348,0.6518831135417714,0.6518831135417713,4972478298379930765,measured_in_band,450,0,False,True,True,1,0.6394321296284033,-0.0003248123275625,True,True,1.2701942639456392,1.2760344619140054,0.0671845112654297,True,True,56deea505c4863068921fcb2a11757f53e1bc6548089f1fcfacc4edbc8ee55b8,False,0.0697586614523761,0.0510831285944215,True,-0.012450983913368,True,
0c0d0e808b228427cc9e6ec65c0c9fc70067bf83dcab946388dc6a4c83f2ba01,NiFe_Ni95_Fe05_T700_9vac,611,57.65008284747044,0.3268823794869605,0.3268823794869604,4972478298379930765,measured_in_band,450,0,False,True,True,1,0.3197876726158029,-0.3621124138621781,True,True,0.9039351881801851,0.8510659295069479,0.1169233465004923,True,True,0c0d0e808b228427cc9e6ec65c0c9fc70067bf83dcab946388dc6a4c83f2ba01,False,0.1466786729323692,0.1167324261214879,True,-0.0070947068711575,True,
4aefeb1b41639c0eabb1c09d61d55b65d07d8d2216a554775f9e3b631acc0d1b,NiFe_Ni95_Fe05_T600_2vac,156,55.92349733069541,0.6616679877151911,0.661667987715191,4972478298379930765,measured_in_band,450,0,False,True,True,1,0.6461770455530313,-0.0026637241594471,True,True,1.2834063161235214,1.2927809907660237,0.0628046158531413,True,True,4aefeb1b41639c0eabb1c09d61d55b65d07d8d2216a554775f9e3b631acc0d1b,False,0.0647419207984574,0.0488549183842298,True,-0.0154909421621597,True,
e10b542a17b8dc0c69bf00480d0d788879ac703c60395e49ebdfbcf1ceeb71d2,NiFe_Ni95_Fe05_T600_1vac,420,55.72602948556645,0.6509353602878037,0.6509353602878036,4972478298379930765,measured_in_band,450,0,False,True,True,1,0.6402915068506445,0.0033683506658235,True,True,1.275478035466477,1.2906163971460418,0.0661275275327911,True,True,e10b542a17b8dc0c69bf00480d0d788879ac703c60395e49ebdfbcf1ceeb71d2,False,0.0639206821002755,0.0453007763377185,True,-0.0106438534371592,True,
c47deeaa2b9348193376d891fef376ce916b56aab9d20e486dda26f323330cca,NiFe_Ni95_Fe05_T800_9vac,981,54.944732642931335,0.6562115776068823,0.6562115776068822,4972478298379930765,measured_in_band,450,0,False,True,True,1,0.6459396542845752,0.00193928119279,True,True,1.268880188798395,1.278306387843144,0.0804318440367636,True,True,c47deeaa2b9348193376d891fef376ce916b56aab9d20e486dda26f323330cca,False,0.0808437036912324,0.0377864394267423,True,-0.010271923322307,True,
a14b396cd742b13c38fc207972b4a6c305077e9feac85c337a407efc068dd56c,NiFe_Ni95_Fe05_T700_7vac,1144,53.89475704904808,0.6389113112181802,0.6389113112181803,4972478298379930765,measured_in_band,450,0,False,True,True,1,0.631191594597567,-0.000283738122107,True,True,1.2783706187354162,1.285202986869586,0.0499467494109661,True,True,a14b396cd742b13c38fc207972b4a6c305077e9feac85c337a407efc068dd56c,False,0.0512487334428296,0.0439243729682946,True,-0.0077197166206132,True,
8753e75d8693e3ebc703331b85f139ebad122e80a00766880359165498c4c31e,NiFe_Ni95_Fe05_T800_1vac,362,53.60882429372416,0.658486650067971,0.6584866500679709,4972478298379930765,measured_in_band,450,0,False,True,True,1,0.644858257949636,-0.0012774205374626,True,True,1.2853722366803495,1.2968566147727547,0.0520802034215274,True,True,8753e75d8693e3ebc703331b85f139ebad122e80a00766880359165498c4c31e,False,0.0645582567217673,0.0433936122486719,True,-0.0136283921183349,True,
bf65e32746e1ec3c2da7de9b697023b9548b039c1276040dec5a75b5c6301caf,NiFe_Ni95_Fe05_T300_10vac,24,53.185444306976606,0.8144830383438677,0.8222958235883198,4972478298379930765,measured_in_band,450,0,False,True,True,1,0.81889517123318,0.0447114129924557,True,True,1.3772762977795658,1.403161335691162,0.1152402306537833,True,True,bf65e32746e1ec3c2da7de9b697023b9548b039c1276040dec5a75b5c6301caf,False,0.1126292848236086,0.0810109856525274,True,0.0044121328893123,True,
8547c6ca528d697dfcb2a8f7d1b6adba97fe7da1b5067a541a8975a2c9cee4c1,NiFe_Ni95_Fe05_T300_10vac,28,52.91984008723327,0.7743367649140294,0.7833996833405763,4972478298379930765,measured_in_band,450,0,False,True,True,6,0.7653380949714119,-0.0921126753123644,True,True,1.1363344711405237,1.1716748299963713,0.1096138569326442,True,True,8547c6ca528d697dfcb2a8f7d1b6adba97fe7da1b5067a541a8975a2c9cee4c1,False,0.1101224653326109,0.0702107434105828,True,-0.0089986699426174,True,
1c2694db77579caf5a1d3b6f9efc2b0c6a24f6693a6144bdb2519f46eaa24f4d,NiFe_Ni95_Fe05_T800_9vac,1383,52.69236450339579,0.6593976616541114,0.6593976616541113,4972478298379930765,measured_in_band,450,0,False,True,True,1,0.6439712715036876,-0.0038222120087993,True,True,1.278263655006271,1.283580038734407,0.0857822227865358,True,True,1c2694db77579caf5a1d3b6f9efc2b0c6a24f6693a6144bdb2519f46eaa24f4d,False,0.08589385896439,0.0386233652501047,True,-0.0154263901504237,True,
9d4e0683fefe2bdfd870e57b64e110c597fd95c2766d37019c612746c463e08e,NiFe_Ni95_Fe05_T600_10vac,548,52.53618874233804,0.6468835381556347,0.6468835381556346,4972478298379930765,measured_in_band,450,0,False,True,True,1,0.636181506549292,-0.0002748015012912,True,True,1.2744364572332836,1.2771491213269797,0.061461405205172,True,True,9d4e0683fefe2bdfd870e57b64e110c597fd95c2766d37019c612746c463e08e,False,0.0632990662384475,0.0451973038571756,True,-0.0107020316063427,True,
a7fac0855e18f99e65b276c4b0c47a4c10b74a87c26c2bb9fecb4b8b1a52160a,NiFe_Ni95_Fe05_T800_1vac,225,52.1705644362138,0.6722175010327194,0.6722175010327192,4972478298379930765,measured_in_band,450,0,False,True,True,1,0.6577022644228236,0.0317243789882013,True,True,1.2821885958847703,1.2840647668972769,0.0487409873239191,True,True,a7fac0855e18f99e65b276c4b0c47a4c10b74a87c26c2bb9fecb4b8b1a52160a,False,0.0775659009346641,0.0613479791780248,True,-0.0145152366098957,True,
b593e0841fe0c9942e5feb60a43fb7a1489b03b8a191999baeb6108a22ac0ce1,NiFe_Ni95_Fe05_T400_3vac,90,51.4152768556545,0.7720809690212609,0.788986404831121,4972478298379930765,acceptance_failed,450,0,False,True,True,1,0.7710660692605416,-0.0799062732698985,True,True,1.055849100637666,1.0866669070307715,0.1016469955556956,True,False,1e5ac42eb0f72354fa8a0980cc5270fcfa5f570f1395a3f38ded124870cf3d0c,False,0.1006286231054837,0.0750231159512875,False,-0.0010148997607193,True,
03fc321ed858afc3121965ba5e4b282fb66f9c6caa6607b3937cf8ca20d9eda4,NiFe_Ni95_Fe05_T700_9vac,690,51.19142484158316,0.6604765945421606,0.6604765945421605,4972478298379930765,measured_in_band,450,0,False,True,True,1,0.6497632164896459,0.0021262911977828,True,True,1.270408542033619,1.2775355578325809,0.0508412569124108,True,True,03fc321ed858afc3121965ba5e4b282fb66f9c6caa6607b3937cf8ca20d9eda4,False,0.0520440034608939,0.0423796254278579,True,-0.0107133780525147,True,
9c98da04ac19769e30e3944a85ce2768e642112d9aa086d9ec9601e7fd429b9b,NiFe_Ni95_Fe05_T300_10vac,25,51.076136136928135,0.7721411595715583,0.7790730005608566,4972478298379930765,measured_in_band,450,0,False,True,True,1,0.7713525892913822,-0.0448512559687515,True,True,1.2073496167396258,1.2368555879082992,0.1109787463057311,True,True,9c98da04ac19769e30e3944a85ce2768e642112d9aa086d9ec9601e7fd429b9b,False,0.1060942654109121,0.0842258537640423,True,-0.000788570280176,True,
6eda27ed5beaa4b2ef9c3dff27fde6abf2cbaa4c457c5cf2c0ba007c79652e80,NiFe_Ni95_Fe05_T500_6vac,146,48.734518292601074,0.8592795097071868,0.8713338389998171,4972478298379930765,acceptance_failed,450,0,False,True,True,1,0.8538946529351961,0.0625959201775003,True,True,1.489495654037673,1.5297636800845713,0.0890139054554021,True,False,3b2ebf51a0a744441cbdc9df6037abbca34e40310fc7a60e23e4f10de8d13da3,False,0.0951367943965238,0.0847830410870076,False,-0.0053848567719907,True,
334af7c70c9499c0fdd44ea5ed5d8fb292f18145ffff547242f97ccc9a89d2e8,NiFe_Ni95_Fe05_T800_8vac,1772,48.42903704365997,0.6358289012196111,0.635828901219611,4972478298379930765,refine_failed,459,0,False,True,False,15,,,,,,,,,,,,,,,,,"[{""rung"": 3, ""zseed"": 3004, ""ok"": false, ""artn_error"": ""(-10, 'EIGENVALUE LOST, try to increase nnewchance or nsmooth')""}]"
fd515de73480c625bbd78957641c335d84207220f45ddfd3fcf5d72d2b59c3a9,NiFe_Ni95_Fe05_T700_10vac,1168,48.30623737125811,0.853981804243631,0.8539818042436309,4972478298379930765,measured_in_band,450,0,False,True,True,1,0.8442698852863941,0.3026941558805447,True,True,1.530601620501499,1.575457980835074,0.0845030166831741,True,True,fd515de73480c625bbd78957641c335d84207220f45ddfd3fcf5d72d2b59c3a9,False,0.1433641146517572,0.1107188332176525,True,-0.0097119189572368,True,
ee2200c994ff565c57ade8a657714eccb9f26098778a76890d300223fee5ab37,NiFe_Ni95_Fe05_T700_3vac,450,48.2135129611747,0.6610884842293673,0.6610884842293672,4972478298379930765,measured_in_band,450,0,False,True,True,1,0.6448785636143839,1.7243289221369196e-05,True,True,1.2825328700877885,1.2962757748060707,0.0586101828219367,True,True,ee2200c994ff565c57ade8a657714eccb9f26098778a76890d300223fee5ab37,False,0.0652237586288757,0.0404747742232645,True,-0.0162099206149833,True,
39a8d77af80adfc6e1d45fef10bf1e4cf26cb7a0cfda421b4e1f5c67da4be1bb,NiFe_Ni95_Fe05_T600_2vac,355,46.73513414326148,0.6694009696266222,0.6694009696266221,4972478298379930765,measured_in_band,450,0,False,True,True,1,0.6590222690856535,0.0046370807676794,True,True,1.2679349694218016,1.2723366509764111,0.0418971227940128,True,True,39a8d77af80adfc6e1d45fef10bf1e4cf26cb7a0cfda421b4e1f5c67da4be1bb,False,0.071453979136519,0.0699575358606159,True,-0.0103787005409686,True,
2b7e9941b707a1e948629c4a63ad646f114d52e86f3e66daa02656998187cf01,NiFe_Ni95_Fe05_T500_10vac,838,46.67690837768333,0.6848176447956575,0.6848176447956575,4972478298379930765,measured_in_band,450,0,False,True,True,1,0.6749929992083707,0.1058230166131579,True,True,1.3853365027080686,1.4047928988952578,0.0618493670397221,True,True,2b7e9941b707a1e948629c4a63ad646f114d52e86f3e66daa02656998187cf01,False,0.0807630238488416,0.0582350932991519,True,-0.0098246455872867,True,
b83f608d9e47a4c3aff873c27f7cdfa947c3832cd34805b54f1b45651721298a,NiFe_Ni95_Fe05_T800_1vac,851,46.61625078267112,0.6763893931683925,0.6763893931683924,4972478298379930765,measured_in_band,450,0,False,True,True,1,0.6623972635798054,0.0287291507147529,True,True,1.2753601109593715,1.2768377036460512,0.0508305190140441,True,True,b83f608d9e47a4c3aff873c27f7cdfa947c3832cd34805b54f1b45651721298a,False,0.077352553628347,0.0580808560541062,True,-0.013992129588587,True,
108311fe3d00655f6145711ad1b769f2c589b3d38cf079b58df052eb5c361791,NiFe_Ni95_Fe05_T600_7vac,222,45.797294119796106,0.7468068105374501,0.8099713264546153,4972478298379930765,measured_in_band,450,0,False,True,True,1,0.7954209770932721,-0.0505200457719183,True,True,1.0768140254358265,1.1084401558474584,0.0857351192814387,True,True,108311fe3d00655f6145711ad1b769f2c589b3d38cf079b58df052eb5c361791,False,0.0891405454458698,0.0702368528758714,True,0.0486141665558219,True,
8ba6ea62e321e09a06a8140975ebcacf63ed03f11ba9e31a73ee8a87c346c071,NiFe_Ni95_Fe05_T600_2vac,366,45.31535605874919,0.6747711616217204,0.6747711616217202,4972478298379930765,measured_in_band,450,0,False,True,True,1,0.6591608244625604,0.0281369548984002,True,True,1.263673528798432,1.2509102935183534,0.0743044456935628,True,True,8ba6ea62e321e09a06a8140975ebcacf63ed03f11ba9e31a73ee8a87c346c071,False,0.0750573148136712,0.0575771950486644,True,-0.0156103371591599,True,
c036a9282b1d87d218b0225894026cc3751c991e89912e7d57e8c490ef3d7821,NiFe_Ni95_Fe05_T800_7vac,884,45.207721580241085,0.3623276002399506,0.3623276002399507,4972478298379930765,measured_in_band,450,0,False,True,True,1,0.3577680938187768,-0.3301557739146119,True,True,0.9480493644788128,0.9582857298323167,0.0591536555896799,True,True,c036a9282b1d87d218b0225894026cc3751c991e89912e7d57e8c490ef3d7821,False,0.0652657334955177,0.0609182907297222,True,-0.0045595064211737,True,
6d6baac136dec19d2fd0a601cb975f6982ecd5ad48b86514be1a7fab83f195de,NiFe_Ni95_Fe05_T700_10vac,1187,44.969733119305324,0.8575304367741411,0.857530436774141,4972478298379930765,measured_in_band,450,0,False,True,True,1,0.8450833280116967,0.4856659951037727,True,True,1.6241109360865862,1.6436050483204745,0.1026618171810034,True,True,6d6baac136dec19d2fd0a601cb975f6982ecd5ad48b86514be1a7fab83f195de,False,0.1030282021778606,0.078397637475116,True,-0.0124471087624443,True,
9017c14f26fb3d625db314627afe7c4739b3e0476815884256a3d8de8a5af6ba,NiFe_Ni95_Fe05_T600_8vac,463,44.76681913731775,0.7937201413929749,0.8109608736840528,4972478298379930765,measured_in_band,450,0,False,True,True,1,0.7971671110990428,-0.0481649398070658,True,True,1.056113540290181,1.0985329478499617,0.105412443650413,True,True,9017c14f26fb3d625db314627afe7c4739b3e0476815884256a3d8de8a5af6ba,False,0.1059084106136921,0.0831993680434582,True,0.0034469697060679,True,
b30ea1f607fbd81b6141dc84b74dc24c1c4068644b3ee2239ec61aab0c5ea735,NiFe_Ni95_Fe05_T600_8vac,462,44.4571953104283,0.8404982797187365,0.8583861013430578,4972478298379930765,measured_in_band,450,0,False,True,True,1,0.8471620521204386,0.0472700190525756,True,True,1.5395863572272497,1.5826469213013354,0.1018514731490412,True,True,b30ea1f607fbd81b6141dc84b74dc24c1c4068644b3ee2239ec61aab0c5ea735,False,0.1029633632849151,0.0919842970293404,True,0.0066637724017021,True,
69fea41fc1fd513e99599d3c5be158ac7d2d600085f2adaa5ac337f8af31d858,NiFe_Ni95_Fe05_T300_10vac,20,44.44298886888525,0.848886102194276,0.8585691920625322,4972478298379930765,measured_in_band,450,0,False,True,True,6,0.847166031130655,0.0494504052503543,True,True,1.509302600042356,1.5509895605023127,0.1036772281550752,True,True,69fea41fc1fd513e99599d3c5be158ac7d2d600085f2adaa5ac337f8af31d858,False,0.1032643744986014,0.0915009906491926,True,-0.0017200710636209,True,
9644be8cdebf85ca3e111283a725f24796b71b506d71f41295fa51ec20755bf9,NiFe_Ni95_Fe05_T800_1vac,122,43.97248147526936,0.6551442508487993,0.6549991242827673,4972478298379930765,measured_in_band,450,0,False,True,True,1,0.6379971237820428,-0.0015830376282792,True,True,1.2841821365224737,1.2918351289503196,0.051578291860151,True,True,9644be8cdebf85ca3e111283a725f24796b71b506d71f41295fa51ec20755bf9,False,0.0553875398882542,0.0466023729249327,True,-0.0171471270667565,True,
224385a7bc232fc57679130f532534f978481f6484e5604a1918754b4fc3c7d0,NiFe_Ni95_Fe05_T800_1vac,850,43.400099122720505,0.6490712223830997,0.6490712223830997,4972478298379930765,measured_in_band,450,0,False,True,True,1,0.6340084844637204,-0.0294249017729271,True,True,1.2728232692071406,1.280846421067569,0.0543251308840596,True,True,224385a7bc232fc57679130f532534f978481f6484e5604a1918754b4fc3c7d0,False,0.0542919340596296,0.0436398772939263,True,-0.0150627379193792,True,
bc36c428dd038e5eb9f956e7dfc75984f6ec98803731006e035989f5a98b0164,NiFe_Ni95_Fe05_T800_4vac,552,43.24047972691451,0.6509072502140042,0.6509072502140043,4972478298379930765,measured_in_band,450,0,False,True,True,1,0.6367478253832815,-0.002302223209881,True,True,1.2772551802931251,1.2825110723018025,0.0576366691125837,True,True,bc36c428dd038e5eb9f956e7dfc75984f6ec98803731006e035989f5a98b0164,False,0.0588690732322036,0.0394038184447266,True,-0.0141594248307227,True,
cf8f017fbf5acaff335e893df60b70f3fc1e48559580748bc81f21de40e85d18,NiFe_Ni95_Fe05_T500_10vac,839,43.02096765485973,0.578107262717822,0.5781072627178219,4972478298379930765,measured_in_band,450,0,False,True,True,1,0.5683777494991773,-0.1074908890077495,True,True,1.1860816791699058,1.1912927861802165,0.0606867028112755,True,True,cf8f017fbf5acaff335e893df60b70f3fc1e48559580748bc81f21de40e85d18,False,0.0684694855097209,0.0642457390151135,True,-0.0097295132186446,True,
97af393306e49789473deff683d5a73fbfcd2e5055ed8323b4310698b9ca82ee,NiFe_Ni95_Fe05_T700_4vac,512,42.97156997479083,0.6489664372011396,0.6488886106844802,4972478298379930765,measured_in_band,450,0,False,True,True,1,0.6368413722557307,-0.0002234619405498,True,True,1.268497711798098,1.2755880559754078,0.0577350929558925,True,True,97af393306e49789473deff683d5a73fbfcd2e5055ed8323b4310698b9ca82ee,False,0.0596634755519372,0.0430014531428699,True,-0.0121250649454088,True,
d967366b0721abe561d5c36729da9f5e801ab823b9ef7dc0dfe95b177ec67ef2,NiFe_Ni95_Fe05_T300_3vac,9,42.45835217423825,0.7998023203906531,0.8084468572960759,4972478298379930765,measured_in_band,450,0,False,True,True,1,0.7971685736265499,0.0672777967220099,True,True,1.17918309591519,1.1928156778160652,0.1205172054983273,True,True,d967366b0721abe561d5c36729da9f5e801ab823b9ef7dc0dfe95b177ec67ef2,False,0.1185746162364368,0.0805052571854424,True,-0.0026337467641032,True,
98148dd32ea0bbc9ca5a31430248282e25de541039b0544025de0037cec16a09,NiFe_Ni95_Fe05_T600_2vac,365,42.4215199766043,0.6452256386992304,0.6452256386992303,4972478298379930765,measured_in_band,450,0,False,True,True,1,0.6310089518560744,-0.0287534375006544,True,True,1.263643186527728,1.2686334036399427,0.0661805803305155,True,True,98148dd32ea0bbc9ca5a31430248282e25de541039b0544025de0037cec16a09,False,0.0701362604119828,0.0476139845924046,True,-0.014216686843156,True,
4c562bfa05ee102789cd5d3e5520568f9232df9861a620d9b5f0d3069ceb21c6,NiFe_Ni95_Fe05_T700_3vac,449,42.378626089770925,0.6596793898688703,0.6596793898688702,4972478298379930765,measured_in_band,450,0,False,True,True,1,0.6459691083387042,-0.0010860737866096,True,True,1.2768658675268711,1.2818429819374326,0.0633679314968985,True,True,4c562bfa05ee102789cd5d3e5520568f9232df9861a620d9b5f0d3069ceb21c6,False,0.067809370631452,0.0403477691944062,True,-0.013710281530166,True,
6eb0ec7ea3e5fb58d3a42212fb8fda228965f69b33ff23b5ae36f3290b93b959,NiFe_Ni95_Fe05_T600_2vac,157,42.12874555799657,0.6637353711830657,0.6637353711830656,4972478298379930765,measured_in_band,450,0,False,True,True,1,0.6499313929248274,0.0017181667535624,True,True,1.270358291779598,1.278646425948582,0.066594999760786,True,True,6eb0ec7ea3e5fb58d3a42212fb8fda228965f69b33ff23b5ae36f3290b93b959,False,0.0648228043457369,0.0497988918084752,True,-0.0138039782582383,True,
80dfe64600de0332b53993e808c30a3b44fa33ca1b01cf63bbe5534334de8fae,NiFe_Ni95_Fe05_T700_10vac,1167,42.02662103157322,0.5459411848614765,0.5459411848614764,4972478298379930765,measured_in_band,450,0,False,True,True,11,0.5414908436073347,-0.3035676582017004,True,True,1.1043367729986648,1.127280565552587,0.0748894012299747,True,True,80dfe64600de0332b53993e808c30a3b44fa33ca1b01cf63bbe5534334de8fae,False,0.1212471427167917,0.0912321975530537,True,-0.0044503412541417,True,
76c388587a0b0ef7d84dfba8d7eda37aa9418895b0df1f04b0036b3efba63e8f,NiFe_Ni95_Fe05_T700_9vac,1413,42.02405553554791,0.6580170626484687,0.6580170626484687,4972478298379930765,measured_in_band,450,0,False,True,True,1,0.6464917074449659,0.0029538544713432,True,True,1.2752663167583362,1.2812423158578623,0.0832202320817208,True,True,76c388587a0b0ef7d84dfba8d7eda37aa9418895b0df1f04b0036b3efba63e8f,False,0.0869029815577766,0.0454005647296074,True,-0.0115253552035028,True,
a69b964d2946474f0cfc2bbc5894459ca5bdfeb06aa5973109894bb3c4dab9e1,NiFe_Ni95_Fe05_T600_7vac,221,41.956727921356816,0.7944388736175734,0.860368354304228,4972478298379930765,measured_out_of_band,450,0,False,True,True,1,0.8458742398124741,0.0490678792889411,True,True,1.5123865222807078,1.558841806606109,0.1059414586550224,True,True,a69b964d2946474f0cfc2bbc5894459ca5bdfeb06aa5973109894bb3c4dab9e1,False,0.1094491618820564,0.0961823180822931,True,0.0514353661949007,False,
eef230ae247a018a00b3a79beb9b711a8100c76bffc5c1f3314c6cde518c8dad,NiFe_Ni95_Fe05_T600_10vac,546,41.40853141087241,0.646869369365959,0.6468693693659588,4972478298379930765,acceptance_failed,450,0,False,True,True,1,0.6374259382146192,0.0009660620498834,False,True,0.0618645578607631,0.0940230898381815,0.0881532927625526,True,True,eef230ae247a018a00b3a79beb9b711a8100c76bffc5c1f3314c6cde518c8dad,False,0.0896884045733573,0.0703944746456413,False,-0.0094434311513397,True,
d03caf44ab635f77bd063b0a1415d9d63b7cf842c04e1631dcfc7070fb373da5,NiFe_Ni95_Fe05_T300_10vac,38,40.78057122130819,0.7683053960865665,0.7825084362411872,4972478298379930765,measured_in_band,450,0,False,True,True,6,0.7705334405582107,-0.0907875381540179,True,True,1.134454913471005,1.176402651488034,0.0958524231619122,True,True,d03caf44ab635f77bd063b0a1415d9d63b7cf842c04e1631dcfc7070fb373da5,False,0.0957818169734375,0.0783980759576899,True,0.0022280444716442,True,
53088f1be024e8c7f0dc049bdab793c3f7207ecb570932acb0d9ba716d936518,NiFe_Ni95_Fe05_T700_7vac,349,40.53860215435276,0.6496635209796296,0.6496635209796295,4972478298379930765,refine_failed,456,0,False,True,False,15,,,,,,,,,,,,,,,,,"[{""rung"": 3, ""zseed"": 3004, ""ok"": false, ""artn_error"": ""(-10, 'EIGENVALUE LOST, try to increase nnewchance or nsmooth')""}]"
6a5431b516be7f92dcb1d248a9e4c85c41faaa245320d8bf2de779583503f2d9,NiFe_Ni95_Fe05_T500_6vac,145,40.42094374157024,0.7960701319118825,0.8082545932375069,4972478298379930765,measured_in_band,450,0,False,True,True,1,0.7917779029544363,-0.0631825781501902,True,True,1.102450851458666,1.142036043629674,0.102088734373925,True,True,6a5431b516be7f92dcb1d248a9e4c85c41faaa245320d8bf2de779583503f2d9,False,0.100993467602246,0.0798503669049032,True,-0.0042922289574461,True,
924894c2ee5ed6d48943c22911df43207b6e739f797623baeb04b7559f506618,NiFe_Ni95_Fe05_T800_1vac,226,40.30179187334707,0.6413116629337311,0.641311662933731,4972478298379930765,measured_in_band,450,0,False,True,True,1,0.6264251116708692,-0.0321605129370254,True,True,1.2650394690186064,1.2718947914172507,0.052565411379647,True,True,924894c2ee5ed6d48943c22911df43207b6e739f797623baeb04b7559f506618,False,0.0515924781182259,0.0418840278702057,True,-0.0148865512628618,True,
458b2b2fd9e9cf10902136f99fd03e4828c1d4fdd33c3a406e94d2eb58d77da6,NiFe_Ni95_Fe05_T500_9vac,755,40.0517579105066,0.5835071172086829,0.5835071172086828,4972478298379930765,measured_in_band,450,0,False,True,True,1,0.5739779588675447,-0.0980408812533824,True,True,1.1998656216342831,1.2024195551320145,0.065048458102728,True,True,458b2b2fd9e9cf10902136f99fd03e4828c1d4fdd33c3a406e94d2eb58d77da6,False,0.0782507280255835,0.0688737811594773,True,-0.0095291583411382,True,
2a78c2ca9afefc37620923adac4e72f76d0a91c7248fbe624098904a1c6baecb,NiFe_Ni95_Fe05_T400_3vac,91,39.63236241199933,0.852089592063559,0.8691068664966224,4972478298379930765,measured_in_band,450,0,False,True,True,1,0.8551005288613851,0.0798764472510811,True,True,1.5180595021254442,1.5479807306846385,0.1060836624679161,True,True,2a78c2ca9afefc37620923adac4e72f76d0a91c7248fbe624098904a1c6baecb,False,0.1070646102779336,0.0708168853929966,True,0.003010936797826,True,
63c83f9dd32be90a3ad84d03d8c11bd2c5062e4795ce7ba808bd35940bb30605,NiFe_Ni95_Fe05_T600_10vac,556,39.10170685528752,0.6459874248466803,0.6459874248466804,4972478298379930765,acceptance_failed,450,0,False,True,True,1,0.6349541303006845,-0.0013072838851257,False,True,0.0610484279223586,0.1058532907149782,0.0995998204650544,True,True,63c83f9dd32be90a3ad84d03d8c11bd2c5062e4795ce7ba808bd35940bb30605,False,0.0997561151576215,0.0866249167165738,False,-0.0110332945459957,True,
2e4ef65f40c1c4ed4d2741bfd7197496b256f7f9ca0bc45ab10cf9ade5ee50b7,NiFe_Ni95_Fe05_T800_1vac,123,38.52054227193541,0.657669573597683,0.6576630389763523,4972478298379930765,measured_in_band,450,0,False,True,True,1,0.6439807168721927,0.0021313588276825,True,True,1.269978634201832,1.281446204385085,0.0577713925870465,True,True,2e4ef65f40c1c4ed4d2741bfd7197496b256f7f9ca0bc45ab10cf9ade5ee50b7,False,0.0615552373739514,0.039912898102064,True,-0.0136888567254902,True,
208e8c2838b71c3e2cd19a90413578c37faefcb5bbb5626c38d860bf41436fb1,NiFe_Ni95_Fe05_T600_1vac,281,38.14470283652764,0.6580038938573126,0.6580038938573125,4972478298379930765,measured_in_band,450,0,False,True,True,1,0.6452457638461055,0.0029078424963699,True,True,1.2718610326913755,1.2814249562445192,0.068235870869105,True,True,208e8c2838b71c3e2cd19a90413578c37faefcb5bbb5626c38d860bf41436fb1,False,0.0649382439129349,0.0442758447097013,True,-0.012758130011207,True,
5f4e8f112af93f341a831473666bf3b59fe37a4519137fba5e9596e823300344,NiFe_Ni95_Fe05_T300_3vac,53,38.04873022646924,0.7714378475693457,0.7770339829530712,4972478298379930765,measured_in_band,450,0,False,True,True,1,0.7715570171399122,-0.0036657382329394,True,True,1.3745157184180334,1.38877825209086,0.0833941910403272,True,True,5f4e8f112af93f341a831473666bf3b59fe37a4519137fba5e9596e823300344,False,0.0820297140442741,0.0739402296333755,True,0.0001191695705664,True,
a149c6a99837e452077670c70edf1f2060089d8efe9d17eced86ead2c7b13a06,NiFe_Ni95_Fe05_T800_1vac,417,37.584367745604695,0.6570128222647328,0.6570128222647327,4972478298379930765,measured_in_band,450,0,False,True,True,1,0.6447958332628332,-0.0008853577705849,True,True,1.273717272790736,1.279137380295153,0.0772640455582806,True,True,a8f4651c5fae5a63633c6a2619d42e100ab8caa9bdbae8c7ec65dff9a38810f1,True,0.0809427482219186,0.0468038110935074,True,-0.0122169890018996,True,
da9f71b9adddc3c2d2040ac2ce26e31eecb448b62c82d49d3f7b2ac50da32ec6,NiFe_Ni95_Fe05_T300_10vac,21,37.57693616928135,0.7985942928246315,0.8079748532591111,4972478298379930765,measured_in_band,450,0,False,True,True,1,0.793086937015687,-0.0500666484804241,True,True,1.079604867567546,1.1177655439883956,0.0872290226373596,True,True,da9f71b9adddc3c2d2040ac2ce26e31eecb448b62c82d49d3f7b2ac50da32ec6,False,0.0898818195768244,0.0804095683071693,True,-0.0055073558089444,True,
c476205dbe01232f531cfe1d75db00905242f791e753259907542ce7895b8a81,NiFe_Ni95_Fe05_T800_6vac,1187,37.40126514955916,0.6333780459558215,0.6312192221666919,4972478298379930765,measured_in_band,450,0,False,True,True,1,0.6197735157511488,-0.0358225149916506,True,True,1.25284704051189,1.2539811611730245,0.0600808330420652,True,True,c476205dbe01232f531cfe1d75db00905242f791e753259907542ce7895b8a81,False,0.0650882559464775,0.0385398216595372,True,-0.0136045302046726,True,
572c2837296c271de8f4a439551c59d82de6e7195b170091c11c38cde549404c,NiFe_Ni95_Fe05_T800_7vac,565,37.38794517142929,0.64336839534938,0.6432488911377732,4972478298379930765,measured_in_band,450,0,False,True,True,1,0.6373377489180712,-0.0014853653442514,True,True,1.2645467427528023,1.2649238498264892,0.0723034519382031,True,True,572c2837296c271de8f4a439551c59d82de6e7195b170091c11c38cde549404c,False,0.0730768135497232,0.0395671256181749,True,-0.0060306464313087,True,
3bfe69aab13970bdf40b6600f8333074c62cec4c94ccfbdc03b6153465772fd9,NiFe_Ni95_Fe05_T500_9vac,778,37.234419462151294,0.5836212842295936,0.5836212842295936,4972478298379930765,measured_in_band,450,0,False,True,True,1,0.5729731496394379,-0.1006621963638281,True,True,1.1830421988145696,1.1864421551434727,0.0560466048508759,True,True,3bfe69aab13970bdf40b6600f8333074c62cec4c94ccfbdc03b6153465772fd9,False,0.0766030088936788,0.0673318258355913,True,-0.0106481345901556,True,
3d98a30b45c1de9af26f02716c41b09cfa7728b5fdca76c8d05e5c9cf743dd25,NiFe_Ni95_Fe05_T700_4vac,513,36.963255045230646,0.6481667182771756,0.6481153904132952,4972478298379930765,measured_in_band,450,0,False,True,True,1,0.6361995458582896,-0.0008635804929326,True,True,1.275626646720487,1.2834997341043988,0.0591777464603991,True,True,3d98a30b45c1de9af26f02716c41b09cfa7728b5fdca76c8d05e5c9cf743dd25,False,0.0605529888333801,0.0439378321572512,True,-0.011967172418886,True,
15dc62ba3073e88485d00ca474fc73254f1d6384940e8463fe43f286ae214d83,NiFe_Ni95_Fe05_T800_1vac,416,36.8309209978959,0.6564442511962626,0.6564442511962625,4972478298379930765,measured_in_band,450,0,False,True,True,1,0.6452711962992908,-0.000536214692147,True,True,1.2749934238941858,1.2810155285995652,0.0772821670758432,True,True,49ac9dd76c1b4e6d013c3bacca7b9f26d4e96887ea95f82859094aa1699748ff,True,0.0750244775527329,0.0492985044967837,True,-0.0111730548969718,True,
a33b13ef9f48871c564c847962367e140e2a1b4e8a50bc02cc215c61da295bac,NiFe_Ni95_Fe05_T800_1vac,616,36.78380714907394,0.6467528588145798,0.6467528588145797,4972478298379930765,measured_in_band,450,0,False,True,True,1,0.6389349942965055,-0.000735566687581,True,True,1.266143059624074,1.2744931290699832,0.0640018229497848,True,True,54b937bd45be5030a4dacceab0e6137c919ef193870a8171b89921620eb980af,True,0.0652018659264153,0.0442895664293957,True,-0.0078178645180743,True,
aa6cdef02cd82ad0c1b2839ff68658ea5d8355a091462b216059eae710c15b28,NiFe_Ni95_Fe05_T700_10vac,813,36.569994463515805,0.6335436274794121,0.633543627479412,4972478298379930765,refine_failed,455,0,False,True,False,15,,,,,,,,,,,,,,,,,"[{""rung"": 3, ""zseed"": 3004, ""ok"": false, ""artn_error"": ""(0, '')"", ""delr_sad"": 6.5612516281882565}]"
92fdc51921c6e47b4bc80875376e7a4bdb98fbde2690fac3152f8ba15e53801b,NiFe_Ni95_Fe05_T700_3vac,523,36.51659250467325,0.6382932129401921,0.6380681215996447,4972478298379930765,measured_in_band,450,0,False,True,True,1,0.6271239495358714,0.0019549596017895,True,True,1.2822991032464046,1.284539611735348,0.0537250060227397,True,True,92fdc51921c6e47b4bc80875376e7a4bdb98fbde2690fac3152f8ba15e53801b,False,0.0542088287740417,0.040419265149181,True,-0.0111692634043207,True,
c7baa8a3ec889e131dd45778fcbd88305b05ede8aafce4cb4180c29f4adc93d1,NiFe_Ni95_Fe05_T800_7vac,885,36.408127872143886,0.6952779221992385,0.6952779221992387,4972478298379930765,measured_in_band,450,0,False,True,True,1,0.688204956543359,0.3295018064654869,True,True,1.589825391753639,1.5937606139910885,0.0813702373843878,True,True,c7baa8a3ec889e131dd45778fcbd88305b05ede8aafce4cb4180c29f4adc93d1,False,0.0810438938734634,0.0662147817042178,True,-0.0070729656558794,True,
7563334aa13426da3f440002d0dba2a42daca235b64d6b9e85c4f6757d6d8b9b,NiFe_Ni95_Fe05_T600_1vac,282,35.53731041542782,0.6553566712545945,0.6553566712545944,4972478298379930765,measured_in_band,450,0,False,True,True,1,0.6409700205463196,-0.0042345498641225,True,True,1.2767519445767497,1.2803945043011389,0.0695441450768298,True,True,3f3159fc9f752a665b95bf7079bb34989e11e94511b4c14973685ab81e192292,True,0.0702849186840174,0.0377484273071892,True,-0.0143866507082749,True,
3578dcf055426c5cc09e65d9c72a3208e487ec4f710b567e94f86fb10f09e262,NiFe_Ni95_Fe05_T700_7vac,408,35.50426371905223,0.6477891863287369,0.6477891863287368,4972478298379930765,refine_failed,457,0,False,True,False,15,,,,,,,,,,,,,,,,,"[{""rung"": 3, ""zseed"": 3004, ""ok"": false, ""artn_error"": ""(-10, 'EIGENVALUE LOST, try to increase nnewchance or nsmooth')""}]"
