class_id,Ea_eV
b4f4ceda979340fa97ea8c0a00fc53a1a082837a83bed5d639310dffec91b1eb,0.6168883755685783
41ab56e07af137c7aa40ebb924cad7bc10764ce36b64a8e3c6fd060b60ccc3dd,0.5816892877351165
1edeb41f3ffdba8dcba992e10bf0bbcbaf8e2712ab47629ba0482e2de7030aea,0.6373722685652865
df0efe62afd9f7d5fd40b1f2ebc5dbc217c0af68ae8ab3fe8487cc175aef9a8b,0.6378691868940223
3d916077253024e1704c9d9ef5c2d8b75c2a5563163c239f8e9091b095b7012f,0.6595774266284025
ef7eed87336db10b49137fc42cb05d83fa04385aa38455d9f22f07f54ba4ea20,0.2858536059720791
451e9c210266df20fb4e5b5a3c9911b84bfbd2de82a083da5213fd6d2266233e,0.5860790973320036
7e0119fd4108d80b07cc49f46d066763c808d6eb26a591f72841a34c088f7fde,0.6181211038142465
6cd32d5dd6e86bd39cf8abe93fb8f89ad25f804369c14a516b213cc6b82771df,0.6399456444300995
5de71c74e6b3fd8db4e7721b1a2b3ada99769dd5fdf62c031fd169424ed6d07b,0.6441425159950995
cab20a6975d3a954cee3d3275e7bdffc4bfdd18cdf5ca8d393f69d66c5d0acca,0.6376275796856135
86f7b182e4cee2cf06d74e1488d03a744cce762fbf31e7c982cc04c81f9fbbfa,0.6418794564392556
18ffec260b71bd901dd42f1fb227651f35345f39b63ddf8be28b21ec51d71d93,0.6347339828416807
c80bf5f07ac9be63991edab1d7dfbb1d2a80571a2dc49eda6132738e5145dbd4,0.6401380819615952
5493ee087ffc2e1a4f6db5abca1910683616fd110c92bebdb7a8c916d16533f4,0.6307074371452472
65055342f4e0f77d8c3b7526b30ca2130082431487804aecbb8c114629c0eb4f,0.6437505392709681
9c347a4542b610b1bcf81b186c3e949d99d0ee6c4283de786733a84f24b17b95,0.3656596365372024
129cbe7fb1ebfb670d9ee679caa533c2c3b9435869f3ce002b67cf72df86b134,0.6996498517532928
083c32927dbf448fd570b8633010af25740e92289547b8d84121ffb68afc3f20,0.3647548301996721
8b9d5125c6cb5134209adc5c1dc0e0e6ad8eedc0f24d2bcf61f8a66bd4d9900d,0.6300689711747509
3c68cf7fab04e7d60c104e41ffbbb6421352c1037563fa907a29e9f4be53568b,0.6443363282955943
9aa283632c6d9979b081e09398d8f81ad4153b147b0aa777ef900b27c9ed66c1,0.6548119965204933
8fdfa2b36b5244caec75482a6c801819fdd6b26755fae5ec58104a06519318f9,0.6227806405577212
18eed7b4e1c54c11c4eeea8f856f60adedec5610a236df518fa11e0f4bbf6178,0.6984620873986387
759abdf4e274071e613267d04119f4a52d44f94e345c91c6fee042c5ef84a12e,0.6380531205973057
8b93d6d55316605131c0aa6ad34b07d9f1c390d9b18d091c858c46f2e2d5e916,0.6439673748050154
77a2cf2e7808785275ec22972616763b91d531884f7fbc057375abef150ba94f,0.6944810132195016
350f950fa5ecb8b20080c581e09dbb7e34c779cd2389f45c347ffcabdecd9ebe,0.7327835014307311
95c126064e086540a3ea597279a20a0c1709c3cf773acf50f85d158e4c903fd8,0.365354161664527
6e7076b9c0f0ee0f005be465f1f19f1d0ad7d2ceb47b29a696b4cccc1466c3b7,0.6328720619649175
42876b77315d0a3b9057be90339165a51cfa5d26d182a1fedc514f3b0b907e24,0.6322567977372273
6e3fe6950ca5b61c3f67ea327fe0b9a9e5a8ea4b67a8469c153845619f25c1eb,0.5731602539194682
fbcc8c78791825b11a548f12032e0f7121c1bfe4da15e3977f446b6ff0ceb924,0.6232034660574755
7e1cc2bd7f9e73c30f192865e5d83dcf6878d86ba7bb54c5f1c4d1ba830245df,0.6094568126877675
2ebc5d482e51c22afbc2a020309f2f299e4442f33c7f59b492498c269779a4a7,0.6586994737854184
3e066e1fdcff216e7f2d9a3d313e36cb42e5c22c0022b822f0a389b62e8b93e5,0.6469120833839952
d404950566fa72db13555f0be9e850da7cecd04a88175153b249949cf9989192,0.6450286418712494
ee349ddb295fe96ca6893daecb0d17cbbadf84cb5d1f55fac39936830647159f,0.643363510013387
aa5aa5f115fe9599198127686f6a7e1c184259d8ae853985c8ad443c6a8b2d0a,0.6404302779351383
d98d91a92114856ad772458fd6b51f3ab3b15ae9eedd6f497abf5800de615e06,0.6429982430622658
21c4d07744a8f3219899a3cd9a355209ec71ea307eefdfc8feccaf37ef31fbd4,0.6453326858413675
a49d6e6f20a87b568a9021846087dfc31ce5dd8195ff4f1ea8e2a96e1bd8d3fe,0.6423278974934874
332256ad525792b0b13a944a43dfe57e93ff34840a93cf7bc13665ba19b5f17d,0.6420800440423591
e449e878a59284bb645360e7e520a14635d63f793f888ef2bc2f674cfeaa08da,0.6514322223233648
a1deae9d0f67bb78715795603e02731a6126236ae3a4e78699a1846fe8b621d2,0.806068974954087
597e93767b14848477b61d3201a90d6ab4da027a80ed75b09aac9af41914229b,0.6452849903357674
ca5eecd69e91319077a3460f7ed9a1eb026b78daeb4de646214654aaf009781a,0.6998277204193073
2151580d46077030c494c0d59563320ebbff51a268451a22249688bcfd53d162,0.6642708414574372
ea46d0122d316abbb6f72a1b07ba470759854e0575d5152ec82fdbcb0fbfa34c,0.5828985393677613
efaf5c1212bfcc7336318839d7221e9c05a755ed5af75b3d946698614c862e3b,0.6252717835750445
63096f77f2d325d82fe80bb40901140eb357e2151c48be0f73786360f0312667,0.6316485259130786
0f237b6b4e5fe0e49f8394c3a8209d56a62ad167d0134f231905a7629361eb1c,0.2431430952624396
f1428ca3add1ce3d99f8aa3ee3946b1f61339fb63a135f47e68af36b88d6f1b2,0.635664665627246
5a59cd142d312f5360106861bf6679959f5336e5c8a292544e9f284522d4c11f,0.6583145295921895
ffca8812e5adac077c12961a0cf06e4e88e55b2012e452f76629408e7c41770f,0.6412952025830236
cae2a68163a7b6f20f87d634ca6154394c0e4566f98490e22e71c684e5e1c93d,0.6383320589379764
61d48ec8ee88e16f82bc102418242c5724019a0a6d47de03361268694917b85d,0.8490563008986101
0d06d975d9c46c2068fd25b8366bcb6e32ebe239eb4826269aee136a786c7d35,0.6379716473734334
39e337157f3e7801f4886b82cbd0a4f3ce7570c32894653f7abe677b3f7ed2c8,0.6350385663540692
95fb9fa5327c9a4b4dffeb62a94045d04211ac474c6143d733b6d0629d4e6e52,0.8510585607550638
bcea3e9b438abde9f3633c2bcc9448dfa9261b76269f2308855ca050aa3ddb9b,0.7522885019675414
9fff396bd41e8cac54da3b75f4fbaeba5317cbddc399ca6ff7082c8e627a6137,0.6407578218559138
e4f4d432350c1fc7cd56de2e3a77bd8ae6288dfcf4668f9e160ab8ee2517b34d,0.631845728661574
4c1d3b572d17902574852f23d29d45717479e21c7d370149889653457ad3c21c,0.6451279854745735
efd7cdb63bd97d508d444d627f274f7cf2ea14021828d1a529723c71bb9cda29,0.3703680990906832
505f23b6e23838df0de182eae0cbad6221b4d6363d8b40c0f6f63b51a3625629,0.6417501180503677
8ff696c0d14c0cf52c7abf26e3614a5a42b7d4dcfbfd3908be92f53e41db020b,0.6177580768485313
f8ed25fca2a14fde145e7c550455790cdc3247bb9d638e51de4a645dc1cf3fad,0.6356050161252824
efc757d81ba196ffeea5495f1e6daed233a642e84dbcdd7b9467619ce888329b,0.6378796867761594
f4fa21b0d86b052a683d1c037f9e2705c1e8151befa11b797ae1d37a631372b3,0.628879611168486
497cc0a7c508cbac85ad228e9636941abacf6cd7afe3ef3ab1e9df0dc361c638,0.6425903702606774
f089dbd7e718e1a1a4bcf7f1aae554f6404b676b3705515c9a4d5f7ccf07ddfb,0.644630365017747
19141a81e7f1a3020419a493b9afa9a74b71131ee5d8f0d5814c7c747b4b8896,0.7954539359880073
e40e87481c8af178df3d5b1a2158afd57766595ffd16435c09bc266c790854fa,0.5909379185923171
3b97e057e186d44dd59e3d494d97ca17e64387e2177a689d8a733d34a62a2baf,0.6328627335715282
81b21b9cc72ad3b6b2a4e13cb0ccbfa329f48bca739631910ffe9eb6939cc3b7,0.6336127136132745
459856208b242f4499af91fa51c408d7c642a9cabce9fc2e8bfd90e1de971c02,0.6398988219293642
ec8cd3be5d00356978d9e31ef214053a26c537749a8eae0ac0c8c456a55180dd,0.6138823562828293
59fb22adcd6d46a1d5d3abba6882750c720607c8f0f693d44c7403a48fcad035,0.6404754334257632
0f04377268b203c6e056bcdbda4030c37fc7b080a38be905197b68db3ab362a2,0.6366663001554116
b33e204941e282936021c966a50c2523e06f15c0ae4c42d57393487d12f93aae,0.582586328873731
e1e205b69fc0b07a9dd98c20e2695b00d7019249ef8fea50497a75abd9cfd7b7,0.6269424826618888
43ca8d657100dde20c0b34bf41ba64ed983e1161a9bb2b3aa1ccd197f29fb59f,0.3593780557453101
1e102a522acb7bf1216723422af10fdca9b39dd75844585795c9b62e846ad2e9,0.6159634771729543
b687a6d8790283c0d4e7047cbd6afddb58a87af80473f0e203e4e3ceb69ec446,0.6374828525636076
9c99c095da7b904cd14adcc36f245c40ae468c7ef42e38d5592caba44e95dac1,0.6370677806953609
ad1787b572ccfee65616c18b6b2b2ff4b4d5e2c279eb1ee4c4ee1624ae79122e,0.6348797376695074
1995fa903841e8360ceb3dc84d66db5125609e1da3c71bafe031159c4e40a456,0.6455608674527866
ad1c5514512184066fd8d65a8beec15e85266b29554947a8ea736cf1a3b97024,0.8054616266040284
f0502277633d5dbf1374566cdd92576ccd16c70d17017ead2890dad017065ae1,0.6367969233715485
f1b2965f9da7276c8c124f4883ba3e0cd02aa9d0c47560197bd63734d698fed4,0.578037131774181
b0590906021ad4f4f01f6a1c916ed0afea4f2d92c24ef37750af4561bff4667a,0.6147419108433496
9cd82370e14c87fec5ddefcb7ffac7b73baa638eced2ba2199417d54eab9ca8d,0.7300215313607623
d3ce54478c962d99a38a30b40aa0c7b35a1ef90b5d6530d1de2e164c13f26225,0.6413066679160693
bd58978ae11e3f1390bb9bd85dc753662ee396fcc7fea2d8f755e70eb0591f9d,0.63834528375628
db8aa29660fb308a0eabe3c0a8eb939993cf2a39f85e4e2a35a484d07789b294,0.6408894573696671
bb09fbc5982d166bbc3baba928f5dc6aef69aafe5943ec560807060df1dd18b6,0.3827679695837105
812eea01a882dc82d2b37e7c291fd269f5cacbde93eecf10a8ea2c27d2e75f38,0.6247960188838988
31294b6fd7f23062d87888e832fcaebcc894e98258ac49e330749cb333a1518d,0.6358732980302193
812b128bbb804e83ad2cc4a59d264075f67d97ddb98948861584d335c157e604,0.6399778909212728
5cb99912a626a1882233a6f9ce0063dc1e555cb462c6311d2c2401132f1c5b72,0.6435863448318742
925348170914e63cf7d6da2e4269e05f38ed68e36c3a9834fad0813ffe3b59ff,0.5226977959869146
dfbfa5d11cddcbe59464baa765b6740373670b2517204abfbfa53fe8c0bf1df1,0.656012774156352
3f5525946db94c6b7d9b08659b08cbceeb7c0bf9640caa41a28652cb025dd0ce,0.6426323643604519
ad7fbf7a67d09d704490a66729f71889db164106ec652605a320fb4c9a5d7003,0.8283743884435353
562a533097d282cb2b427cc172f84c630c47cdc20cad5cbc7f48b7ad755781f0,0.645631863050312
8b6a8895fe6035c91ef513c164062c4d7a08197609ae5d47ee6983521ddcad54,0.6461549860482592
2cc3a7e728d3d798129676cf536f6e2074cc2eb27f7c0bfaea874edf880d908b,0.7174186742345228
c446d90841c75189dec5dd0fb13e3ebe4361a2b424cf034b508d5ac4906c9979,0.6537960279229083
507913396d0bb54736d3b0b42b427ab03674e9e5749f54cc880cd9e8abb3de8c,0.6312193653079703
2eb32c90157567d68c9d4cb916a4f0b3e488655755cbeb18e7ea002f7ff934c4,0.6381653222210844
1255cba7c6ae4a57eb21e3bf7ac3650d35d176bd2bd1eb69240fd6d1f405d58f,0.6354722121291161
a0def239485f4cbd03d50ce905d6b188ff8acadfc5de25e27d192656ab1ef82e,0.6485171562731011
6c87c170efee064af91a4aa318a2fccae084bc5b80c40e0269d2ec3c18f98251,0.6405662785878121
5ca4775213af4f3157f1d6efb5658f56ae6abda61bb367e9cdc7ba75bb71bd51,0.6821190019868482
34cc794bdcb6c32f36f6f0df694210d2c63d054c7a49befc7bf6ebdabd95af7e,0.6442664027081264
e068ce82ae9d72592a7256cbbf13725f01eb7eb9df66a52715f1b18bd2f70399,0.359408567761875
eff7538cfaa5591283cdfe33ed4d2f1ceb975fc33ffb23ff93ab01b9bd7bf66a,0.648871614728705
d4fae9b05592324bbba6f30d671ede82f0edaa4fa0ffd4ee3cf6cef39d11f73a,0.7611055175966612
1aab94afb8fe023d67839ec5a606d4edbe4ead3089731aa45b958ca3849b3b17,0.640440643007878
db4eec3996e542c86ec3f9fafbc766c2f636ee637d9ebf9eb700b9badbb7c925,0.6374716722234552
d43a1885e750788cfdf3adc6b0882246b65e4473d3354da204414e92d6fcc9bb,0.6331454107562422
536f669ca73b65f1e22c239a1d42e373417ecd404338ae25318faeb1a8c4222b,0.6691278306975619
eac0c452871de0289ead056576fce0751fb76aab053fa65a4c8d5834ac4d17b2,0.6456934412435658
56deea505c4863068921fcb2a11757f53e1bc6548089f1fcfacc4edbc8ee55b8,0.6394321296284033
0c0d0e808b228427cc9e6ec65c0c9fc70067bf83dcab946388dc6a4c83f2ba01,0.3197876726158029
4aefeb1b41639c0eabb1c09d61d55b65d07d8d2216a554775f9e3b631acc0d1b,0.6461770455530313
e10b542a17b8dc0c69bf00480d0d788879ac703c60395e49ebdfbcf1ceeb71d2,0.6402915068506445
c47deeaa2b9348193376d891fef376ce916b56aab9d20e486dda26f323330cca,0.6459396542845752
a14b396cd742b13c38fc207972b4a6c305077e9feac85c337a407efc068dd56c,0.631191594597567
8753e75d8693e3ebc703331b85f139ebad122e80a00766880359165498c4c31e,0.644858257949636
bf65e32746e1ec3c2da7de9b697023b9548b039c1276040dec5a75b5c6301caf,0.81889517123318
8547c6ca528d697dfcb2a8f7d1b6adba97fe7da1b5067a541a8975a2c9cee4c1,0.7653380949714119
1c2694db77579caf5a1d3b6f9efc2b0c6a24f6693a6144bdb2519f46eaa24f4d,0.6439712715036876
9d4e0683fefe2bdfd870e57b64e110c597fd95c2766d37019c612746c463e08e,0.636181506549292
a7fac0855e18f99e65b276c4b0c47a4c10b74a87c26c2bb9fecb4b8b1a52160a,0.6577022644228236
03fc321ed858afc3121965ba5e4b282fb66f9c6caa6607b3937cf8ca20d9eda4,0.6497632164896459
9c98da04ac19769e30e3944a85ce2768e642112d9aa086d9ec9601e7fd429b9b,0.7713525892913822
fd515de73480c625bbd78957641c335d84207220f45ddfd3fcf5d72d2b59c3a9,0.8442698852863941
ee2200c994ff565c57ade8a657714eccb9f26098778a76890d300223fee5ab37,0.6448785636143839
39a8d77af80adfc6e1d45fef10bf1e4cf26cb7a0cfda421b4e1f5c67da4be1bb,0.6590222690856535
2b7e9941b707a1e948629c4a63ad646f114d52e86f3e66daa02656998187cf01,0.6749929992083707
b83f608d9e47a4c3aff873c27f7cdfa947c3832cd34805b54f1b45651721298a,0.6623972635798054
108311fe3d00655f6145711ad1b769f2c589b3d38cf079b58df052eb5c361791,0.7954209770932721
8ba6ea62e321e09a06a8140975ebcacf63ed03f11ba9e31a73ee8a87c346c071,0.6591608244625604
c036a9282b1d87d218b0225894026cc3751c991e89912e7d57e8c490ef3d7821,0.3577680938187768
6d6baac136dec19d2fd0a601cb975f6982ecd5ad48b86514be1a7fab83f195de,0.8450833280116967
9017c14f26fb3d625db314627afe7c4739b3e0476815884256a3d8de8a5af6ba,0.7971671110990428
b30ea1f607fbd81b6141dc84b74dc24c1c4068644b3ee2239ec61aab0c5ea735,0.8471620521204386
69fea41fc1fd513e99599d3c5be158ac7d2d600085f2adaa5ac337f8af31d858,0.847166031130655
9644be8cdebf85ca3e111283a725f24796b71b506d71f41295fa51ec20755bf9,0.6379971237820428
224385a7bc232fc57679130f532534f978481f6484e5604a1918754b4fc3c7d0,0.6340084844637204
bc36c428dd038e5eb9f956e7dfc75984f6ec98803731006e035989f5a98b0164,0.6367478253832815
cf8f017fbf5acaff335e893df60b70f3fc1e48559580748bc81f21de40e85d18,0.5683777494991773
97af393306e49789473deff683d5a73fbfcd2e5055ed8323b4310698b9ca82ee,0.6368413722557307
d967366b0721abe561d5c36729da9f5e801ab823b9ef7dc0dfe95b177ec67ef2,0.7971685736265499
98148dd32ea0bbc9ca5a31430248282e25de541039b0544025de0037cec16a09,0.6310089518560744
4c562bfa05ee102789cd5d3e5520568f9232df9861a620d9b5f0d3069ceb21c6,0.6459691083387042
6eb0ec7ea3e5fb58d3a42212fb8fda228965f69b33ff23b5ae36f3290b93b959,0.6499313929248274
80dfe64600de0332b53993e808c30a3b44fa33ca1b01cf63bbe5534334de8fae,0.5414908436073347
76c388587a0b0ef7d84dfba8d7eda37aa9418895b0df1f04b0036b3efba63e8f,0.6464917074449659
a69b964d2946474f0cfc2bbc5894459ca5bdfeb06aa5973109894bb3c4dab9e1,0.8458742398124741
d03caf44ab635f77bd063b0a1415d9d63b7cf842c04e1631dcfc7070fb373da5,0.7705334405582107
6a5431b516be7f92dcb1d248a9e4c85c41faaa245320d8bf2de779583503f2d9,0.7917779029544363
924894c2ee5ed6d48943c22911df43207b6e739f797623baeb04b7559f506618,0.6264251116708692
458b2b2fd9e9cf10902136f99fd03e4828c1d4fdd33c3a406e94d2eb58d77da6,0.5739779588675447
2a78c2ca9afefc37620923adac4e72f76d0a91c7248fbe624098904a1c6baecb,0.8551005288613851
2e4ef65f40c1c4ed4d2741bfd7197496b256f7f9ca0bc45ab10cf9ade5ee50b7,0.6439807168721927
208e8c2838b71c3e2cd19a90413578c37faefcb5bbb5626c38d860bf41436fb1,0.6452457638461055
5f4e8f112af93f341a831473666bf3b59fe37a4519137fba5e9596e823300344,0.7715570171399122
a149c6a99837e452077670c70edf1f2060089d8efe9d17eced86ead2c7b13a06,0.6447958332628332
da9f71b9adddc3c2d2040ac2ce26e31eecb448b62c82d49d3f7b2ac50da32ec6,0.793086937015687
c476205dbe01232f531cfe1d75db00905242f791e753259907542ce7895b8a81,0.6197735157511488
572c2837296c271de8f4a439551c59d82de6e7195b170091c11c38cde549404c,0.6373377489180712
3bfe69aab13970bdf40b6600f8333074c62cec4c94ccfbdc03b6153465772fd9,0.5729731496394379
3d98a30b45c1de9af26f02716c41b09cfa7728b5fdca76c8d05e5c9cf743dd25,0.6361995458582896
15dc62ba3073e88485d00ca474fc73254f1d6384940e8463fe43f286ae214d83,0.6452711962992908
a33b13ef9f48871c564c847962367e140e2a1b4e8a50bc02cc215c61da295bac,0.6389349942965055
92fdc51921c6e47b4bc80875376e7a4bdb98fbde2690fac3152f8ba15e53801b,0.6271239495358714
c7baa8a3ec889e131dd45778fcbd88305b05ede8aafce4cb4180c29f4adc93d1,0.688204956543359
7563334aa13426da3f440002d0dba2a42daca235b64d6b9e85c4f6757d6d8b9b,0.6409700205463196
