class_id,status,n_events,flux,n_selected,status_post
00b58584193f3ead1488ccbc21c8abd4a6e4ca472c482f95e4a9054373448f18,vetoed (migrated + spread),1,7.023524426708996e-14,0.0,vetoed (migrated + spread)
025ecd690e3d4318d8a93e719f3afafd7bd3b075c38089323c5253bcf94a49a6,vetoed (migrated + spread),1,0.0,0.0,vetoed (migrated + spread)
02741a3885ea6c2c143a5ac2eeda4e6089f90946e4fb10ea11ae23088a949aca,vetoed (migrated + spread),1,0.0,0.0,vetoed (migrated + spread)
029c56cdd650124a98043d40c71efbd905cf4b95e137a3b6868db27e58dbfe9e,vetoed (migrated + spread),1,0.0,0.0,vetoed (migrated + spread)
0341903b20b68aa4d4a1c33544648e0b8f7ae35bf3d5f1c0d015225ef533e043,vetoed (migrated + spread),1,0.0,0.0,vetoed (migrated + spread)
03965b66604fa4b766b9edb30bb301050913b7643996dad08ea136bf5afa004a,vetoed (migrated + spread),1,0.0,0.0,vetoed (migrated + spread)
04120306a3ddda490192241e49445336c705dc2aefc843fdc8d11cd2672cfe11,non-representable (on-the-fly),1,0.345176235339,1.0,non-representable (on-the-fly)
0568f14bfc9be4aced68ee09891db4dd5b2e16af24b9b77b43f7ba977f59b25a,vetoed (migrated + spread),1,0.0,0.0,vetoed (migrated + spread)
05767bffe932b33cabf70dd6398959aecef32aa811d85e5a1fef7926a6cf3f8d,representable-pending-re-search (surrogate+flag),1,0.041375057537887,0.0,measured (fires harvested pairs) [graduated]
06171d645ef409759d8182a9172f0ef99d3873e8ebae1168c81dc62977f47866,vetoed (migrated + spread),1,8.6168881251896e-17,0.0,vetoed (migrated + spread)
06aae886ab29609250622430db9a71109e0218477c9301f2489451b524c87b6c,representable-pending-re-search (surrogate+flag),1,2.1631883060359,0.0,measured (fires harvested pairs) [graduated]
070154f98713feea7e09700dae84b2f6ea5a4d248129d9271550190f8c320988,vetoed (migrated + spread),1,0.0,0.0,vetoed (migrated + spread)
07bdfa7af3a5f810b5f02d4b571957b4afbed80af2e02f81da1c0567ef946763,measured (fires harvested pairs),1,2.0782123765800343e-14,0.0,measured (fires harvested pairs)
080554a1fb0500a9e2593b72da5b6d27ef60020783db1f73fd07de4b4b98837f,representable-pending-re-search (surrogate+flag),1,8.835522694917175,10.0,representable-pending-re-search (surrogate+flag)
0909b0fead0c8a39fa80d694ebc657e2a23c464fe74b7402dae86c0c9de1f0da,representable-pending-re-search (surrogate+flag),1,1.45130548165908,1.0,representable-pending-re-search (surrogate+flag)
097c77e83f1c5ece16d417a32dffb7fc08ce579e00da01d943eb224c73a03f66,measured (fires harvested pairs),1,0.5914150120144691,0.0,measured (fires harvested pairs)
0a6dab063367dcc765a0b7eda97f69dd926270f5e9ebb7cc6d8a763db6424a85,representable-pending-re-search (surrogate+flag),1,0.2226612012977299,0.0,measured (fires harvested pairs) [graduated]
0b2d3187ac2c21709bdfeb54436b131ac0e08efe641bf03b613186eff513dea4,representable-pending-re-search (surrogate+flag),1,0.15914884672144,0.0,measured (fires harvested pairs) [graduated]
0b4be953429eb4abb95a1b17eecddfb547ac170553d72e8ce623f8bd1e09f390,vetoed (migrated + spread),1,1.0605823904096639e-15,0.0,vetoed (migrated + spread)
0bf8773feb2ee77c8b413a5f49e211ca15b35723d2c4ff5d30fddb8da67b2ffd,representable-pending-re-search (surrogate+flag),1,1.2636362813217,0.0,measured (fires harvested pairs) [graduated]
0c3169bdf0c2c8f1e9ef26f39c197b719bf0f710fb53db406043b24306c4317c,vetoed (migrated + spread),1,1.37851962414306e-14,0.0,vetoed (migrated + spread)
0c4b3feec42b623f3e1630d79b06a1c52328b042e9b9bd5d082ffdc4b5faa48a,vetoed (migrated + spread),1,8.578712784439e-14,0.0,vetoed (migrated + spread)
0d1bbda00fc69449d5cab6b5d75654efc531907f39a8ad8a3dd83eb09726ed00,vetoed (migrated + spread),1,0.0,0.0,vetoed (migrated + spread)
0d607622f6729a8d9cdfa5196cf4ec733bc2483dd65394ac131a06e7776253c6,vetoed (migrated + spread),1,0.0,0.0,vetoed (migrated + spread)
0edcb792be4ded419b94a0c5ec7ccd5ecf0b6f0c6e84fcfe69acb5cc5fc2f75d,measured (fires harvested pairs),1,3.5392652193660003e-16,0.0,measured (fires harvested pairs)
0f3b02fff988c2ba3d8eb8cb6a5b5428c84d5e504604147379d0d104dae086a0,measured (fires harvested pairs),1,6.102849420533378e-16,0.0,measured (fires harvested pairs)
0f3e1a9666c49cc2617805d7bb63809c2fd0ff24e0958a2594ccf14654dfa201,representable-pending-re-search (surrogate+flag),1,1.3727057280945,2.0,measured (fires harvested pairs) [graduated]
100e9bca4c5734bd51e57f84dd4acaecb251974621eaa34b9512ad13928b08db,measured (fires harvested pairs),1,0.06604517739876,1.0,measured (fires harvested pairs)
102c8acd2a7c13ebf72a0d1d72dd63bf256ff5da88c0b68a606d2cd0ffece117,vetoed (migrated + spread),1,0.0,0.0,vetoed (migrated + spread)
10f2625d22d9c9ab3766535a0705f9db2d1dffd4f981dfa83a077ca9fd9a0517,representable-pending-re-search (surrogate+flag),1,1.1731479252316,2.0,representable-pending-re-search (surrogate+flag)
114efa8b0810b8bdcab61ff406dd4328a2fd378c3b1ce736596ccd6ef1daaddb,measured (fires harvested pairs),1,1.26767247777721e-14,0.0,measured (fires harvested pairs)
123329f8d4240fe597fc374c93652ebd94d012a11d84cfc4c742d2e6303f19a1,representable-pending-re-search (surrogate+flag),1,1.84747259219844,2.0,measured (fires harvested pairs) [graduated]
12452abeff51b7dc3b13e9db535d630346e9320c7fbb13f8ecb7e1dd452e39e6,representable-pending-re-search (surrogate+flag),1,0.105616522903096,0.0,measured (fires harvested pairs) [graduated]
1293ce1c5527ede472e0ccd72ca0d9dde9a23d80ef27c64f6cc3389387d105e9,quarantined-defect (QC),3,0.0,0.0,quarantined-defect (QC)
140b1044872bd215bafa68cba7ef1f7976d9b5e91709c014aaa49a95d30ca66c,measured (fires harvested pairs),1,1.020042502467074e-14,0.0,measured (fires harvested pairs)
15056135f4b9878bc4dbf0dba3cfde7fd34df9eaeb7f3d8ccc76fc666009e0b2,measured (fires harvested pairs),1,1.157493512787241,2.0,measured (fires harvested pairs)
1599345aeba578ce825d87d13eb2dc8c2d650c51b3d560f99192486340b0a5fa,measured (fires harvested pairs),1,0.0,0.0,measured (fires harvested pairs)
15cabbf597c59c9efdfd7b533c22de817fc971ee083d7e44dac54f294d1bb085,vetoed (migrated + spread),1,8.156567578037189e-14,0.0,vetoed (migrated + spread)
16c47f7c76dcd46c055b459e77be7f0ef31191f299decc3a1ed7dd223bfa377b,quarantined-defect (QC),1,3.47523469472154e-14,0.0,quarantined-defect (QC)
177ac65859001631423e15607bd3474e79f4dd3162130ce2a6be78e54f57eb9c,measured (fires harvested pairs),1,1.678848911096865,4.0,measured (fires harvested pairs)
1a67602d70a2d86ee869f25128bdda360d7de647590e0c911070ae9f2f031937,vetoed (migrated + spread),1,0.0,0.0,vetoed (migrated + spread)
1bf23d11f0dc709a9dd49f9b76c4492eda953bf59aff9fb8bfcdcf50ef3b701e,measured (fires harvested pairs),1,4.00396702159278,4.0,measured (fires harvested pairs)
1d2e44193abb70496ed18a310d0dea4c33a6d488507ac274602502fd980c9f70,representable-pending-re-search (surrogate+flag),1,0.3365226842091,0.0,representable-pending-re-search (surrogate+flag)
1e284d07892975b3d5e35725f132091cfe3e0a8e2e88eec1c154d3732988b7fc,vetoed (migrated + spread),1,0.0,0.0,vetoed (migrated + spread)
1f686121c5e0c598f102634b9b1d7068aa2a5d5ddfa95ec6b3bcb2547da4a623,representable-pending-re-search (surrogate+flag),1,23.53812556819546,23.0,measured (fires harvested pairs) [graduated]
1f874fff705a6712adf117646f450224949d2da89920fd85f822ae2ff194670f,non-representable (on-the-fly),1,0.0,0.0,non-representable (on-the-fly)
204e7857d400f9d28f3915a2637553695db6c065b11d0fabe716de23cc703f9e,vetoed (migrated + spread),1,1.3778066502729002e-12,0.0,vetoed (migrated + spread)
2112805a65b9f8b433bdf8c080ab87354e9c47d12ff6d0859b2bb13612532d4f,quarantined-defect (QC),1,0.010318352362696,0.0,quarantined-defect (QC)
21226bb374dcdd69952c1a1fbc976ed27639e7a0fb5b1ff41054fbc2ed359e02,vetoed (migrated + spread),1,0.0,0.0,vetoed (migrated + spread)
2193effe3b9533a4df5ceff12f051c07910255ff2a4a0258dd2f5c405c8751d4,vetoed (migrated + spread),1,0.0,0.0,vetoed (migrated + spread)
21bb9c246d17460d28933ddaa9b79efe1ae0509324e4af388ca6f84d76e4a818,vetoed (migrated + spread),1,0.0,0.0,vetoed (migrated + spread)
21dfef74929a7d43d056ca06a39bbead5908d4e5e7b80866388a636cca4dbea7,vetoed (migrated + spread),1,5.1197547184672e-15,0.0,vetoed (migrated + spread)
22f9e8d9ab34c0dcbf89368ce0450d54ad04deeed9ec29e9735d6769de78931b,vetoed (migrated + spread),1,0.0,0.0,vetoed (migrated + spread)
2356ac89e125f0aa75256602ae8ffee22c6c3a61543eca6aa3f79c1b7e073321,representable-pending-re-search (surrogate+flag),1,1.570776043880208,5.0,measured (fires harvested pairs) [graduated]
2405bdd98fac6978e287963611cb54a0e6ffe185ad5a301d1695aa830d680790,representable-pending-re-search (surrogate+flag),1,0.1248210989077079,0.0,measured (fires harvested pairs) [graduated]
242314cd3b7017e01da50afe9481d205f6970ea6040ea800176ab2d2dcd98ef4,measured (fires harvested pairs),1,0.0,0.0,measured (fires harvested pairs)
24365dce1c8067f25c51dbf8bdf336d41d1cb2f5265f78363ffa87ed2ab42cb3,measured (fires harvested pairs),1,0.0,0.0,measured (fires harvested pairs)
25dc3ffa993d273975bac4d58fada27029286a866991e789e3d24f953416e8d9,measured (fires harvested pairs),1,0.0,0.0,measured (fires harvested pairs)
265c79d1c378cbbebc5dff3c870b28aa2ab52ec8bb3a3f6e709ebb1b92f18d0c,vetoed (migrated + spread),1,4.8786913110266e-14,0.0,vetoed (migrated + spread)
26e472c851168b7161693594798dec30ec7c2e4bdd3b44b830770b6d259bd257,quarantined-defect (QC),1,0.524231907202674,2.0,quarantined-defect (QC)
279968c37eb61cee4c1157c975a819c1620611eb9ddf2e3bad74ea5049fff7f1,vetoed (migrated + spread),1,0.0,0.0,vetoed (migrated + spread)
27bb2b2649994c2436f1e87495767ad43c88e8c67e4c22b1f46b3c98ebd498f6,representable-pending-re-search (surrogate+flag),1,0.432811730845395,0.0,measured (fires harvested pairs) [graduated]
297d52fd28e847da2f6eaf1ee7359258619cbe78c764465f5600064547c14867,vetoed (migrated + spread),1,4.0351681783459007e-14,0.0,vetoed (migrated + spread)
2988e2c949ae55c3e1870594ff7d5931647c4e33e2c71d438ff2f0713f90c7a2,measured (fires harvested pairs),1,0.0,0.0,measured (fires harvested pairs)
29f611141a727c2961676caa884f37102bd1f91bb9c0f51aad061d45caafb9da,vetoed (migrated + spread),1,0.0,0.0,vetoed (migrated + spread)
2a05f10c1af9ff390e8a7102ce847f194fc935ee318fc2f5b26f1e831a44a8a6,quarantined-defect (QC),1,4.501243638434003e-16,0.0,quarantined-defect (QC)
2a60b77a4ab1fe6cd8e7bd234af2125dfdb16326200325cfd4b8c834c8a1e215,representable-pending-re-search (surrogate+flag),1,1.6776518899014898,2.0,representable-pending-re-search (surrogate+flag)
2a9d558d71b881ec86e5a14c5a76869cc006f718513e1a4f245eda04c4ea797f,measured (fires harvested pairs),1,0.0,0.0,measured (fires harvested pairs)
2afb318578a4061077b3f0d45ca0d64e8748b1f82ef77c07a2c4e0d0a1308a2e,quarantined-defect (QC),1,4.1248331083293e-17,0.0,quarantined-defect (QC)
2b96c6a650e0366f63f36e0f106843e3ceaa9589daa26d87ac52879c8a96cc11,measured (fires harvested pairs),1,0.0,0.0,measured (fires harvested pairs)
2c271dc455848dbfb514f0380c10dae6ceba44682f8a61d39630fb970316c96c,representable-pending-re-search (surrogate+flag),1,0.32017699758969,0.0,measured (fires harvested pairs) [graduated]
2c532381f4221d8c187e2925ff1805a0250919de6ffbcf909a451752c9a44f19,measured (fires harvested pairs),1,0.027268226495653,1.0,measured (fires harvested pairs)
2d22edc9fc57725b566836e9197faef1794b0cf72e31fad70fb9660ed78c52de,representable-pending-re-search (surrogate+flag),1,0.5672303664453,0.0,measured (fires harvested pairs) [graduated]
2d6ef7c3b0c49855c11cb086abb645d012e3cb3ae4ea75b0a56d1884abb4ed6d,vetoed (migrated + spread),1,0.0,0.0,vetoed (migrated + spread)
2e0627a4f3b87038254e51ab62a595a8c5502e9575f065dc98bc55f71e7f5aa5,vetoed (migrated + spread),1,0.0,0.0,vetoed (migrated + spread)
2e9fb5817806aa0128da3d03fb3499e6ea74391a190d2084bd102e988040e933,representable-pending-re-search (surrogate+flag),1,0.11218300386573,1.0,measured (fires harvested pairs) [graduated]
2ef05ce334f8fcc42e9bb0dd4c418e3fc22439adf3b9da867e35b01a53d2c598,representable-pending-re-search (surrogate+flag),1,0.0248644436543319,0.0,measured (fires harvested pairs) [graduated]
2ef30dffd8bde456218a13d2f625604daa839f10b54063ceb2a4900eee8ad1fa,vetoed (migrated + spread),1,7.930519982038002e-16,0.0,vetoed (migrated + spread)
2efd60b5a53435d14b01d79b0695b4880c9d33f3d87a93d105fd73a51b8f7535,representable-pending-re-search (surrogate+flag),1,5.587455973744135,4.0,measured (fires harvested pairs) [graduated]
30795b8fff40bc14e17559f2c704b6502f09cf1ea74b56ac2734509b5781dc58,representable-pending-re-search (surrogate+flag),1,0.50976062794037,1.0,measured (fires harvested pairs) [graduated]
312fdeda019733eaf9e8647361e8826b3312a35a6b3dab494d81ad515a1f7a85,representable-pending-re-search (surrogate+flag),1,0.18584754092996,0.0,measured (fires harvested pairs) [graduated]
31b2ba726622b6269fe0abc6d52db8edd921022f59bc638d80fd6c69e1ac1371,measured (fires harvested pairs),1,1.22723375915686e-15,0.0,measured (fires harvested pairs)
3212e22d3e5ac386ebf6f37901653ec6108b1c250d60ca854eb4e36b94b9182d,vetoed (migrated + spread),1,2.7364612311665e-12,0.0,vetoed (migrated + spread)
3236031bc641c45def473e96fc1a47e89a84153184cb2272bdc09f2b75ff4053,representable-pending-re-search (surrogate+flag),1,0.0,0.0,measured (fires harvested pairs) [graduated]
32bbd0721a1951339bf492f31cc58c831082e19ad74c68e01368f6afd0601a40,vetoed (migrated + spread),1,0.0,0.0,vetoed (migrated + spread)
33141254357d3684518575a710d842a0fb826391455650e3f6d0aa4eb529e8b0,vetoed (migrated + spread),1,0.0,0.0,vetoed (migrated + spread)
3369c522ea70a90aaf791b9e60dc945997f79f9f8b477ec27ef3899d762e9be9,representable-pending-re-search (surrogate+flag),1,0.12476154480525,0.0,measured (fires harvested pairs) [graduated]
33a908491d2c7ce46c4e35f7d6fcaaa7216dc8d2ed14b412c7ca689ba700c53d,measured (fires harvested pairs),1,7.690164487483941e-15,0.0,measured (fires harvested pairs)
342cec07521fef107d1cd388716fb3281a07a6a2977745285246604ca851816e,non-representable (on-the-fly),1,3.413682731474769e-14,0.0,non-representable (on-the-fly)
345b728060f3ae3358b12f84f58f3b813e39e2d06ad3ff4e690e310ab529d469,vetoed (migrated + spread),1,0.0,0.0,vetoed (migrated + spread)
34c4f389facd903f4c4c57e2af6765a7547c519f9541fe29272e15b33366da5d,non-representable (on-the-fly),1,0.243960391038,1.0,non-representable (on-the-fly)
367792a430351e6ee92edd0745ff9021af916bde35102d39389393e3cb0719ed,vetoed (migrated + spread),1,0.0,0.0,vetoed (migrated + spread)
36b43f23b0c45dcf4991bdc7b8931bf858e165a568501fe58eb179c20eae004b,representable-pending-re-search (surrogate+flag),1,0.450992153484782,2.0,representable-pending-re-search (surrogate+flag)
375cc8657a1167e61c60675b224e824df8d93853c43b8f20c78cadf04f5017b7,measured (fires harvested pairs),1,1.4320616737327007e-14,0.0,measured (fires harvested pairs)
37f35b93896b7f99cc5f136c4ee2145ba7984a15f9287a748fc148dc3cc6b892,vetoed (migrated + spread),1,0.0,0.0,vetoed (migrated + spread)
383efcdb8c68db5b716e179355941f06a44e4df4c9748fbba286cad716bdb715,vetoed (migrated + spread),1,0.0,0.0,vetoed (migrated + spread)
38d950f44c7e9760b2634a1db333c7cf970b0eab02970b5eeb6a9a1e65bd1269,measured (fires harvested pairs),1,2.637074675934e-16,0.0,measured (fires harvested pairs)
3a1c5ce201a2f40eec9a6efe6af468bb26c2a17b82b337241b0a3e603229b1b2,vetoed (migrated + spread),1,0.0,0.0,vetoed (migrated + spread)
3a2d0f2b94e5458a927e5873ff5d06127b79084ada2ad93be909cb2c02a7fbc8,measured (fires harvested pairs),1,0.0,0.0,measured (fires harvested pairs)
3ad23c4164314bb363ea56504fd7de1cc1bf324b7178f55a336e19ced2c94513,measured (fires harvested pairs),1,2.11706186165749,4.0,measured (fires harvested pairs)
3b12f02f53092b3cf244c74872fcf00ce43ba17ad2c167e20bee64facaa28e05,vetoed (migrated + spread),1,0.0,0.0,vetoed (migrated + spread)
3d627b012180191134cec37d71add027e7cda35421acdcc25fd8c2e03edea2ff,vetoed (migrated + spread),1,0.0,0.0,vetoed (migrated + spread)
3da3fc86b8981ca9aa9a58010c57854126c91aca316744cc2563606381e3d9f8,non-representable (on-the-fly),1,1.7966396230447,4.0,non-representable (on-the-fly)
3deb382b1d6b7d619997687c5b7c128ffb70a88bd41a8b7945ec9c693de0fbeb,non-representable (on-the-fly),1,3.4887102588900003,1.0,non-representable (on-the-fly)
3e98dc5f13f6a12ba1322185373626e5b1d9d53644afef11cfb4e4d80ce4c162,measured (fires harvested pairs),1,0.0,0.0,measured (fires harvested pairs)
3ec0b0a41daf3f94d1122031bf876a235a797b92f03e7a5738eacc26daffa96e,non-representable (on-the-fly),1,1.434899162852,1.0,non-representable (on-the-fly)
3ed5abb6d3336874511f65d9e84f0dacef5eee4482d99ba527c49e703b691171,measured (fires harvested pairs),1,0.57918137247514,0.0,measured (fires harvested pairs)
3f09906ec47b8baf44717861f9a1e2c2e55298ac594fbac4bbc7648dc0e9e0f8,quarantined-defect (QC),1,1.29954583077536,2.0,quarantined-defect (QC)
3f164921ddc5ca413695f586e7ff0753cb81e162bc250a72dda1fdc44f009b6a,vetoed (migrated + spread),1,0.0,0.0,vetoed (migrated + spread)
4076f18eb24ba3b2c897486b0a66251bd2f4d94a2779c6470e8b72b107d073b2,vetoed (migrated + spread),1,0.0,0.0,vetoed (migrated + spread)
4159c24d384e578b7c3c12acb9197a0f36938a4e75d7b3e43514845d216235dd,measured (fires harvested pairs),1,0.0,0.0,measured (fires harvested pairs)
41d141cece66a309511487615b3237497c4bf90faab028c1cf8e001005a88186,vetoed (migrated + spread),1,5.3864516140911e-14,0.0,vetoed (migrated + spread)
4211ad21ae62c3da098d055c689380f2f76920e67ee2c27988cfcda4e7dfdbd6,representable-pending-re-search (surrogate+flag),1,0.30958997072658,0.0,measured (fires harvested pairs) [graduated]
423883f0746bcd98d95136907e28d1403a1f95b107cb44da122505d40e7d23b2,measured (fires harvested pairs),1,0.0,0.0,measured (fires harvested pairs)
427587c65c5dd0142d61be6fbecb23c3d5b35da419b9c691dd7c2fc81dc06e1b,vetoed (migrated + spread),1,0.0,0.0,vetoed (migrated + spread)
42e400aa219d4d7f6bf69ff679e557c8bbc794cc0338feb20fb5a25f3bc23c33,vetoed (migrated + spread),1,0.0,0.0,vetoed (migrated + spread)
433e53d75d5c080b75f9303bb4ec6b07dc773aef266bd55b5a8e20a82a9b34fd,vetoed (migrated + spread),1,0.0,0.0,vetoed (migrated + spread)
4410451d69f092faa7f1102afd0c00db843f4c34171092190315c75660223ca6,non-representable (on-the-fly),1,2.4101103807416395,2.0,non-representable (on-the-fly)
460e966303114e3807bd9d4a1ea6e7ca2b9730c694340630df944f1bb72d507f,measured (fires harvested pairs),1,0.0,0.0,measured (fires harvested pairs)
46cfaeac3da019f365528b9382819f700ae4df2c61456a07b08cdc21eaa83ec8,vetoed (migrated + spread),1,1.3314549509118e-14,0.0,vetoed (migrated + spread)
46e1b50ef6a25da72590e243a58891450db73fb50c9e45a5ae2f6f10e1631067,representable-pending-re-search (surrogate+flag),1,2.151754289042379,1.0,measured (fires harvested pairs) [graduated]
472fb5d0e47edd421e285c19a50ecd9a15322ed8759303dd914eeba8ff391498,vetoed (migrated + spread),1,0.0,0.0,vetoed (migrated + spread)
481ba3dc86f9414b1ddefb2c94f61575f9a03d5a0c69e2c18fb543c087658d22,vetoed (migrated + spread),1,0.0,0.0,vetoed (migrated + spread)
481e575d5190f582a40b0f48dfcd818df85ec393e56800996b9955695f0fae25,quarantined-defect (QC),1,0.0,0.0,quarantined-defect (QC)
4aef3f518c34ec1a05af18fefb6eac100a95dc07faa92c42319f81b6826e721e,vetoed (migrated + spread),1,2.3531596271384e-12,0.0,vetoed (migrated + spread)
4b808d29743e259f9e445f71c97f8bfded3f0c7cce23f489223e6c61ad3a2884,vetoed (migrated + spread),1,0.0,0.0,vetoed (migrated + spread)
4b9a23a6e484093afbc732dbc97928c68d1afdbf61d7e751bad0821b2749aebc,measured (fires harvested pairs),1,2.411110235152277e-17,0.0,measured (fires harvested pairs)
4be4e65219816061f6665266f3de68e0cc61d550ed57ce2fac4f9787c278f02f,vetoed (migrated + spread),1,0.0,0.0,vetoed (migrated + spread)
4c18235a45c1b31164b7ca593c727d7f294333cb95c0b47b398c9c30df0e1860,representable-pending-re-search (surrogate+flag),1,0.5929218639838799,1.0,representable-pending-re-search (surrogate+flag)
4c34d8334a1b5f33c5cd0b44ec1768bc2de57db7b79215a4ca87cf45395e3bf8,vetoed (migrated + spread),1,3.2201104066364e-15,0.0,vetoed (migrated + spread)
4d998f45853757e5c1cc06a4e4b0c2bcfbb2c2b47fbc261a07212a5712c28a24,measured (fires harvested pairs),1,0.40523061687234,1.0,measured (fires harvested pairs)
4dc51fd039ca4eee4e6bee4769046358053322ffd5cc320a513e4533a98b93d6,vetoed (migrated + spread),1,0.0,0.0,vetoed (migrated + spread)
4de8c6491754589fc58e31fe34f95cca39964868e43b217243c69258b425b957,vetoed (migrated + spread),1,5.2594078522409694e-11,0.0,vetoed (migrated + spread)
4ea41a85852307c5f68fffe1006c029394f8755e8d3c863d13be6955bf030ed7,vetoed (migrated + spread),1,3.5513394690170004e-12,0.0,vetoed (migrated + spread)
4ecf3c5e19b226fc5c77648068ceea4b512736d0822517496acd889c8e71c04a,representable-pending-re-search (surrogate+flag),1,0.669353533607,0.0,measured (fires harvested pairs) [graduated]
5056645400e7072c6fc18dc40e69f3ad1c57956581a764a970c87824dae836f6,vetoed (migrated + spread),1,9.902855612958659e-11,0.0,vetoed (migrated + spread)
50eca835b4cb4ab59e00af0a7f4a1a08292638ab9a1f3360a933bb5325c85a88,vetoed (migrated + spread),1,0.0,0.0,vetoed (migrated + spread)
5157e4015a831e3f1b71a9cf8dd15fe7ba225b053ee57391286825839c4ffae5,vetoed (migrated + spread),1,7.68479391975054e-16,0.0,vetoed (migrated + spread)
520aa8ac4f827ca296a3b527f7d5077eb53d85e532aad8d743695e5bfb4de4cf,representable-pending-re-search (surrogate+flag),1,0.97192920238127,2.0,representable-pending-re-search (surrogate+flag)
5228a46d7fce102faeebc2b53e8ce0da8c72e973bee977e62ee763f7ab50d748,vetoed (migrated + spread),1,0.0,0.0,vetoed (migrated + spread)
527f2fdb9133bfe5d7274db53a035f0fa781e6f190beb73a662374acd340b805,representable-pending-re-search (surrogate+flag),1,0.110871840779454,0.0,representable-pending-re-search (surrogate+flag)
530ff9a5891a4e330a51247c213cefd5ac22cdabd3835908b2c93fb6f71c8a4f,measured (fires harvested pairs),1,0.0508146526172419,1.0,measured (fires harvested pairs)
537e0e6b359dc34235d09e7eef06e46c2f28da9f61cca8d2e5a808e0dabe3fcd,measured (fires harvested pairs),1,0.039886011651288,0.0,measured (fires harvested pairs)
53be0bb4bd36f96b0763f63ac0dd8fecc4ee19d29b801fd1cef7e413e976a3a6,vetoed (migrated + spread),1,0.0,0.0,vetoed (migrated + spread)
54486256bf233bf4beb387e20c265847e76ec973ecee7ea37010dc0b18cfdcc3,non-representable (on-the-fly),1,2.9430256614435,3.0,non-representable (on-the-fly)
547f1b39e1147bb2d670415f10241322c29b66717332228fa05bd7b285ca2201,representable-pending-re-search (surrogate+flag),1,8.37819723811284,9.0,measured (fires harvested pairs) [graduated]
548fabe4e40bb1ffdd8ad8672eefea729b893583b97c06f8a403cf10547e59eb,vetoed (migrated + spread),1,6.830351378995201e-15,0.0,vetoed (migrated + spread)
54ad5e821d94af9a343c39c551dcd9c12d8ab8a2b36720b767f57335c20832c5,vetoed (migrated + spread),1,0.0,0.0,vetoed (migrated + spread)
555a3cffb06ad16aafb4160a2e64f21a404227195201348ff9c99f97673e3e48,measured (fires harvested pairs),1,4.27544849595039e-15,0.0,measured (fires harvested pairs)
55a6753e77e3605724bde44ee06634b103e70ab6c88e7c6e1fefb950438b9814,vetoed (migrated + spread),1,0.0,0.0,vetoed (migrated + spread)
56ca5a78db0e33e3e67afeb890050203cf1d475de0013b82ca56520a62ed5529,representable-pending-re-search (surrogate+flag),1,0.75657665478657,1.0,measured (fires harvested pairs) [graduated]
5778596a90a6c8a19d99a8f6f16e0db6b53f1afb6a087fba6d4b2ae17b02148a,vetoed (migrated + spread),1,0.0,0.0,vetoed (migrated + spread)
580e47cabec97b5f9571a6a73da9468b516fcbcd1c434dab83b22119cf79b869,vetoed (migrated + spread),1,1.6834006644387187e-10,0.0,vetoed (migrated + spread)
58314a745fcfc591e7367bdccc02b084b5c391e9a211d6a88a38410b28344883,vetoed (migrated + spread),1,1.0144430538984e-11,0.0,vetoed (migrated + spread)
583bd700d5ac7e2fdcf43e0a7dda6a7ae3f1aa64555bff5271ea022a12f4ad3d,vetoed (migrated + spread),1,0.0,0.0,vetoed (migrated + spread)
59471835743c0c6db76393be46e3257a184fbf3434d3e57c421b65ec18e4b9fc,representable-pending-re-search (surrogate+flag),1,1.8167148388634944,0.0,measured (fires harvested pairs) [graduated]
597f436a8ed5097c8168c1d18e648b27e189b590495c0a3bfa0a3c15caf0a1dd,vetoed (migrated + spread),1,6.8455958135488e-15,0.0,vetoed (migrated + spread)
597fc4d9724b6bc16c7214015abf5c0657a72f600e4307054d3608fe7d9f9d98,representable-pending-re-search (surrogate+flag),1,1.6138302832875802,1.0,measured (fires harvested pairs) [graduated]
59a9cb138144254cbf4d1ac1eebb30175ea3cce6c42880bf37d5691be61ccd45,measured (fires harvested pairs),1,7.421521055692466,10.0,measured (fires harvested pairs)
5a0f32d38b0f6a490fcaca9fe6cf21285bce998b24e689b9bfaab3eae6897fe6,measured (fires harvested pairs),1,0.0,0.0,measured (fires harvested pairs)
5a920588ff8df39ac835245adc93bb5c83d5759091de1da32c5063332a61ad44,representable-pending-re-search (surrogate+flag),1,23.96801451319437,21.0,measured (fires harvested pairs) [graduated]
5a9a558377d20247f854e7df7edde8677620c9bfdad3cdf974379692091cdd46,measured (fires harvested pairs),1,0.070902037776393,0.0,measured (fires harvested pairs)
5b7dc03b09eef274cd488fd153220e4a96cbe0a0acdf0688e39bf10fe0be5ccb,non-representable (on-the-fly),1,5.044648825866299,4.0,non-representable (on-the-fly)
5b87bf9f45566034d4edd02d94f78f754cb54964192872a65f395ea22c483da7,vetoed (migrated + spread),1,0.0,0.0,vetoed (migrated + spread)
5ccec7eca2c4e576945e67b9528ffe0ed3316b6bc77995bf9e83486c1dbb3aa0,vetoed (migrated + spread),1,0.0,0.0,vetoed (migrated + spread)
5d5124b5723b0d55d0c1c02392177d272bcf04faedf00528dd6471bb4864b033,measured (fires harvested pairs),1,3.7328874551444e-16,0.0,measured (fires harvested pairs)
5d99d4cf9d086acd5c30ce0a8f24cda823d891de7951cac1ce177efe537714ac,measured (fires harvested pairs),1,0.0,0.0,measured (fires harvested pairs)
5da2a984a0c894171ce703b7b687707f53b7e29e7de2689dc4cc68fbf3a97d3a,measured (fires harvested pairs),1,0.0,0.0,measured (fires harvested pairs)
5e9a37d29b6810be1de28d6937dc2d7a4b2e4290f9cb427b95d3409fcee1abd9,vetoed (migrated + spread),1,0.0,0.0,vetoed (migrated + spread)
5fba8bef4f26c1173fc96a81891ee92eeed28643dd31e4260afece390f68c8fb,representable-pending-re-search (surrogate+flag),1,0.5030132481401001,0.0,measured (fires harvested pairs) [graduated]
60af7b9be6f0bebe6b884324b765f9aeb8e2e2d4e56e7feca1190fe7a041338d,vetoed (migrated + spread),1,0.0,0.0,vetoed (migrated + spread)
60e403f0b5276e37efab9ed623bd7028ed6debdfdefb0a94f2e229092c545512,vetoed (migrated + spread),1,0.0,0.0,vetoed (migrated + spread)
6114ef2bade33c2b06361b37909dc50a7d409d945da133779b84bd483b5afee1,measured (fires harvested pairs),1,1.7091871221568e-14,0.0,measured (fires harvested pairs)
61825720bba9c425440246aeb1de0718e6f501a0ebbb8099d65256c23d723d71,vetoed (migrated + spread),1,3.9293880472472e-11,0.0,vetoed (migrated + spread)
622c1b2b1085d077ba42d5b69c3621ca29b74d4450ff1b052d5f2c5a1652c073,vetoed (migrated + spread),1,2.1656091895724e-09,0.0,vetoed (migrated + spread)
62bcb7c4306057dd71ca6f85163444b2c30152af8cb7da29fc6e1e3b6e11015b,measured (fires harvested pairs),1,1.1723392829737,0.0,measured (fires harvested pairs)
63cb2edf1ee02707ad268d4faaaa1a6c3de1301ead58df3d25ec0a44888d5b1b,measured (fires harvested pairs),1,0.0,0.0,measured (fires harvested pairs)
64b5e997b71fc2993b7a0956923b8bbd67a34b647e26791dd46a8ac64c318502,vetoed (migrated + spread),1,0.0,0.0,vetoed (migrated + spread)
65b92b9151126025c8504591cc5c4d8bf7f44b6d135fa8c266bd4ea84f4794d2,vetoed (migrated + spread),1,0.0,0.0,vetoed (migrated + spread)
65f621e7cdebc9c768b3ec3ab281cf05fdf4978a5ef446e9e294f132fc729a41,quarantined-defect (QC),2,0.0,0.0,quarantined-defect (QC)
6676ca5e6e7333479ad4c57d637d0d17e54c8c541f0c8ecb012f444a7057aa59,measured (fires harvested pairs),1,0.93168616416011,0.0,measured (fires harvested pairs)
6699bbfd2bcea9a8107e6e4d4c765b69f8c2f8c12cea7849723460bca16a5980,vetoed (migrated + spread),1,0.0,0.0,vetoed (migrated + spread)
66b2dc78f79f0009b12b4ffbdd7056deacc4821f5323fb698af0f40fbf311798,measured (fires harvested pairs),1,0.0,0.0,measured (fires harvested pairs)
66d0fa8c985e50058478ef60ddf3e467e4be3d125be57b3de3c9e6fc827a7c0d,measured (fires harvested pairs),1,0.0864924525747,0.0,measured (fires harvested pairs)
66f624f9d8e81471aee7400d1e26aafe539adb85a92d50aaa400094bad174273,representable-pending-re-search (surrogate+flag),1,2.59336852866464,1.0,measured (fires harvested pairs) [graduated]
670d4d1799f30224269450bed7b38ec81819b949eec78b4cfcec0327026fe04b,vetoed (migrated + spread),1,0.0,0.0,vetoed (migrated + spread)
674e7d2a6fe7a45a54e69588ec3d07aedeadc0fbbbf6118c41caeae83643badb,vetoed (migrated + spread),1,3.12254571528246e-09,0.0,vetoed (migrated + spread)
67c680e55bad457c3753fd07c761627a8eaf521494ed9bf8147a997811ea52d4,quarantined-defect (QC),2,4.7545287536523,4.0,quarantined-defect (QC)
67eca2a2c1aba81cc4671de44bb57bd4dace07e9a04e9741b3d2fac02d374f25,vetoed (migrated + spread),1,1.8048343967202923e-14,0.0,vetoed (migrated + spread)
68381869acca54201e2cf7d3b1f185fec4966546dd43b7e7afbabe95a3a4654b,vetoed (migrated + spread),1,0.0,0.0,vetoed (migrated + spread)
68d3997810d60dd4bea3ae9c9c35c51549a0b785045158d3ce0db9030466664e,measured (fires harvested pairs),1,3.4739032333737602e-15,0.0,measured (fires harvested pairs)
697f11c205443d1d4ce43ba9d2544e288191d8e69d016e00b8dda3946b09929d,vetoed (migrated + spread),1,7.35001308051e-17,0.0,vetoed (migrated + spread)
69b39849e654ee688942b18f8581d86b5e32337cfa5216ac555306232c65d9e7,measured (fires harvested pairs),1,0.15220519148678,1.0,measured (fires harvested pairs)
6a86e3c1adc895be36c24ddb92db8d4056e6b77040fd6a8e6dff5c146cea4b9d,measured (fires harvested pairs),1,0.0,0.0,measured (fires harvested pairs)
6a90cbcbfe53c2267ffe1c5a085d0ef0aa0c314ce46258da85a16e1c5433e2a7,vetoed (migrated + spread),1,6.3131595993754005e-09,0.0,vetoed (migrated + spread)
6ae539023578cc4f86aba487bc306582fbaf3d6d1608da8192d7ae2f282fa16a,quarantined-defect (QC),1,0.0,0.0,quarantined-defect (QC)
6cf0bd5992efabb5f6f6b329893b1ee5c684aeb053aa127a2d143ff90368dfc8,representable-pending-re-search (surrogate+flag),1,5.38816691942266,1.0,measured (fires harvested pairs) [graduated]
6e4805c19858221706ff597ccdc0bed2104782e9e91f165097a38140a6496796,representable-pending-re-search (surrogate+flag),1,1.7725193287372998,1.0,representable-pending-re-search (surrogate+flag)
6ea8b12c91f610c871c56c1a8ad58c2d8ba9647f1c20b49d46eb29c2635d7236,quarantined-defect (QC),1,2.0799673692809,1.0,quarantined-defect (QC)
6f18639572a1ac33615dcaf1ead0f5f2b0cf9608abbdc418c129c50e0ec100ba,measured (fires harvested pairs),1,1.1735195277300028,1.0,measured (fires harvested pairs)
6f643d2bd085135bf191bbf998cb7aabcf29f166997f049b30ca544443ea9cde,vetoed (migrated + spread),1,0.0,0.0,vetoed (migrated + spread)
6f8d968081ba308f99ec27fadf75734efb70b82a6d3413d83f669a7a3a9ac5d8,representable-pending-re-search (surrogate+flag),1,0.036339296754168,0.0,measured (fires harvested pairs) [graduated]
7123032168b9b76e2a1351871a49c3d87ba7bbfc2622616049fddc407097fe11,representable-pending-re-search (surrogate+flag),1,2.65992258947293,2.0,measured (fires harvested pairs) [graduated]
717a57577fadc62ff6b33541dc02e8f418b15f08b6b99fa7abfd1e78605e1f58,vetoed (migrated + spread),1,0.0,0.0,vetoed (migrated + spread)
73e6252d8d51481ed37570088efb9fea6fe5a05e8c8ec76690b3217c2f3e545d,non-representable (on-the-fly),1,1.515406898162,2.0,non-representable (on-the-fly)
74138a1b7377d8d858343355619d47eadf3f7d1756035b59f5487032a9544432,vetoed (migrated + spread),1,0.0,0.0,vetoed (migrated + spread)
7417ebcce084484c94e94fba26b00c33e01c0df8baf6c6d043bc62ba55672346,vetoed (migrated + spread),1,0.0,0.0,vetoed (migrated + spread)
75fde7e54bc00e9f6bb13dbb4be98d4f0151c423caf674c562822dc28c32375b,representable-pending-re-search (surrogate+flag),1,1.81753951890469,1.0,measured (fires harvested pairs) [graduated]
76243f9813b2e56bb310b811982d737fd8147228048fa4a04d4c11335e3abfc0,vetoed (migrated + spread),1,0.0,0.0,vetoed (migrated + spread)
765b9a33df87a230b55884fe5a0fcb1447827a9a313baa0e17df9f5fb5b8a963,vetoed (migrated + spread),1,5.718609550851899e-12,0.0,vetoed (migrated + spread)
768df688deafe20d05810ac9cacefca2b480394bd8a9cb54b7e026aa9e725bec,vetoed (migrated + spread),1,3.4995810037898097e-12,0.0,vetoed (migrated + spread)
76d35089c2b362b650b4865cb0d64b38f1ff6fd22fa1872eb8ccb42a1888be38,vetoed (migrated + spread),1,0.0,0.0,vetoed (migrated + spread)
777bc4a873d13f764256ee7d5b48704803eec919ca61dbbdfc80b2f0ebd45625,measured (fires harvested pairs),1,0.0,0.0,measured (fires harvested pairs)
7861385e5d83472c0f8b7760ee1d90bb442f960bf07f69a26e08ba2a66f252dd,measured (fires harvested pairs),1,2.6233699964624697e-11,0.0,measured (fires harvested pairs)
788547866f43ce3dc273af3e111594a1de3896a16ffab75b9591850432ebf546,quarantined-defect (QC),1,0.014780913236786,0.0,quarantined-defect (QC)
798c30890721baa1b40cad408c80b087d6dbd74e3519e0438e3a6886c201d733,non-representable (on-the-fly),1,0.2853903802392,1.0,non-representable (on-the-fly)
7998e47322261c7e7fcc0c84e4b486a71270b7c90edf33d514252cd1783ca36f,vetoed (migrated + spread),1,0.0,0.0,vetoed (migrated + spread)
7a554c6bf9b1a31f814751e3cab8fa26641a46ded7cc0525f362b62cc9a438bc,vetoed (migrated + spread),1,0.0,0.0,vetoed (migrated + spread)
7af75647c3bd3952c5c67beb6afa8dfa59bee28f2228d1f45b47538016867de7,representable-pending-re-search (surrogate+flag),1,0.415532930384,0.0,representable-pending-re-search (surrogate+flag)
7b73f99a5f4a7de47ea3e1f2be48e8936cdb0ac5b87dd0546ab7d4a3cf8beaf9,vetoed (migrated + spread),1,0.0,0.0,vetoed (migrated + spread)
7b840e5ec7a82c459bcf24c23bf71aeb2a81f4e545bde76d0ce4f664c4005d1b,vetoed (migrated + spread),1,0.0,0.0,vetoed (migrated + spread)
7bb46f2330c5e411287b5e8a0140277b4704ea4b7246a52ed097fcf9950de576,measured (fires harvested pairs),1,0.0,0.0,measured (fires harvested pairs)
7c5a55a044ad6b847e4151d063af86447120d4fddc0d09983f755ee6547f5346,representable-pending-re-search (surrogate+flag),1,1.37833295572877,1.0,measured (fires harvested pairs) [graduated]
7c6bbd5bb08894c89f6a6123bb8d83c4496be21d138603e13d1616ef1e3beb33,non-representable (on-the-fly),1,0.227632247227,0.0,non-representable (on-the-fly)
7cb2d13d4f69d7a84a723b42c43fdea7b7763ebe20dbc5be5a67a44cbddaeb23,representable-pending-re-search (surrogate+flag),1,22.35967269984219,23.0,measured (fires harvested pairs) [graduated]
7cf0ce8dac8ba5f1b02adc7c5b260e71e1570be09afda3d43bd5e7abd3064f12,vetoed (migrated + spread),1,0.0,0.0,vetoed (migrated + spread)
7d376e285e529d2fe197584350db0246eb68971137cfab93491c83704555382c,vetoed (migrated + spread),1,0.0,0.0,vetoed (migrated + spread)
7e2f43e60b8a366993d6846462bc0363efa5efc8b72b78b57dc7ec86deb0549f,vetoed (migrated + spread),1,0.0,0.0,vetoed (migrated + spread)
7f17b0763a2cde8dc90c0941ad8cce0e8436feb1f7953c14e892fc9f16d74916,representable-pending-re-search (surrogate+flag),1,0.6393201515836999,0.0,measured (fires harvested pairs) [graduated]
7f8502b235fb0ffe9f86bb8707a4357a0efc00038e93c97608e05202449115d5,vetoed (migrated + spread),1,0.0,0.0,vetoed (migrated + spread)
7fb74fb86d340f36647cc566d6dbcd62a46bb99cb78f735bb67ddce076e65ade,measured (fires harvested pairs),1,0.0,0.0,measured (fires harvested pairs)
815bc6ae9177bfcb9ceaca88f9d0a9404404ea79cfd7e4934405283557622627,non-representable (on-the-fly),1,1.6190817485563298,2.0,non-representable (on-the-fly)
8170d5b7f34964ce00ed9fc6815d06fe56d70056699502f69fd1275b9c0598a7,vetoed (migrated + spread),1,2.5618325689444e-14,0.0,vetoed (migrated + spread)
82ec8bec189a3d37daeff189f43a90ac78846b83746629e88e3a1cabf0c178c0,measured (fires harvested pairs),1,0.0,0.0,measured (fires harvested pairs)
835901b497699cef470b52522694f6fc86dd77480fa43bcb47d8599566e81534,representable-pending-re-search (surrogate+flag),1,0.603857748882441,1.0,measured (fires harvested pairs) [graduated]
84eaf72791137fe0409d1ed88c3dc055e891d0baf2a15886407255f9af2b176e,vetoed (migrated + spread),1,0.0,0.0,vetoed (migrated + spread)
851e75cc2378139bad0eca7b77dbac25008c82299cfe2e73caaabe1dd969b1b5,vetoed (migrated + spread),1,0.0,0.0,vetoed (migrated + spread)
85bd248e3bd3371c3ccd828e2f934616552b4ae7b592e5b53c8d48f9d5123873,non-representable (on-the-fly),1,0.0,0.0,non-representable (on-the-fly)
866e0d0a009581892bdbc265dd874d4ddf6be2379f2cbf3c5b944c52e21c5ae6,quarantined-defect (QC),2,4.715702938531101e-16,0.0,quarantined-defect (QC)
869cee9766a7267d4d91081395e4b17d22e2a0719a7e315c985a9a9bd2c51bb1,vetoed (migrated + spread),1,0.0,0.0,vetoed (migrated + spread)
878d60991effd59432926f0ee49076733643a25049b93dcda93b83a5d5934a9c,representable-pending-re-search (surrogate+flag),1,0.54322739125342,1.0,measured (fires harvested pairs) [graduated]
88e0edaad3907fd9160f9b3df7655796fec8af88602e993461008e1ef474826b,vetoed (migrated + spread),1,0.0,0.0,vetoed (migrated + spread)
8944b513820d085cba00b60f2d62a1856f37f9f23e750adc41ed9d1a6574e0e1,vetoed (migrated + spread),1,0.0,0.0,vetoed (migrated + spread)
89f94d3ec45256b3573fe0dfbbc054690c0c580d1096e652814eacbc446cc556,measured (fires harvested pairs),1,0.016561650171864,0.0,measured (fires harvested pairs)
8a895f49b3c915b4f57dc691e2f58326483a574fe8f790e879ed02357cc46671,representable-pending-re-search (surrogate+flag),1,0.019162701817252,0.0,measured (fires harvested pairs) [graduated]
8b0d8c3c900ee72e51358d3679bfbe6af7f066d60e1ee029764757a527691e00,measured (fires harvested pairs),1,0.500836574945088,0.0,measured (fires harvested pairs)
8b47a4e47f3f84f467860cfec90efaf4e8797e07e9455df3ff35d2bc0a98c8d0,representable-pending-re-search (surrogate+flag),1,0.51056750988423,0.0,representable-pending-re-search (surrogate+flag)
8be8f0427510ed2f9bd0db75dd243c2cc557218754ad7ff35eaf3e75e7d3fc15,vetoed (migrated + spread),1,0.0,0.0,vetoed (migrated + spread)
8d7743ee88b7c27e30287b2cac4c56edaaa1274f252fb57a57f437be9192d1a2,measured (fires harvested pairs),1,4.2943271851262e-10,0.0,measured (fires harvested pairs)
8d9e47daf94023bd19db978f42526c0f99959d8b24635b9c952ebf9b2e8e1c80,measured (fires harvested pairs),1,2.5932310663e-11,0.0,measured (fires harvested pairs)
8e58ed57c24a8b1e9d193498b5676e0ca47c143d835543c4517d388ff77ef567,measured (fires harvested pairs),1,0.0,0.0,measured (fires harvested pairs)
8f6900c2b58afb99a9f2d38025c7ded234e1edf9c3332ca2fb07643177e20633,measured (fires harvested pairs),1,0.04169085950204,1.0,measured (fires harvested pairs)
90f085b204fb1dfab42a2b0138c4f63413c0d4a84b2eac1090ad75ea29e8fa4a,quarantined-defect (QC),2,0.0,0.0,quarantined-defect (QC)
919646e652e6c769894bf987af951f7f1c7902248cb4daeea62b6fcb60401391,vetoed (migrated + spread),1,0.0,0.0,vetoed (migrated + spread)
91fecf7d773577e85d06642224be7a68a681a1f72b8503dcc9645b139e3c943a,vetoed (migrated + spread),1,0.0,0.0,vetoed (migrated + spread)
92eaf72eb719d197ef5b15874d8f3c1bbe5563b7ae8b5ee302f0c8535bb0c56b,representable-pending-re-search (surrogate+flag),1,6.211188459394406,5.0,measured (fires harvested pairs) [graduated]
92f71bd700584d5f7e72b3da0060206618c88e16738592d9d5098efec2201064,measured (fires harvested pairs),1,1.135809757231104,2.0,measured (fires harvested pairs)
933827417927053ec20c7c071ecc3909f31e798d4c4bb9dfe1752af05741ebbd,vetoed (migrated + spread),1,7.26673672807e-12,0.0,vetoed (migrated + spread)
937276b2588acd752bf707167567ff1ee70a2e1f03329fc550343488a4e5cd0f,vetoed (migrated + spread),1,2.0539695576482003e-14,0.0,vetoed (migrated + spread)
9447ffefeadd191f8b5c23125bf4e1245d94b4d8a83fc734be5ff253c67e9eac,vetoed (migrated + spread),1,0.0,0.0,vetoed (migrated + spread)
95b7f5929111a11ab4d76b5319534a99f169cf4b9e475dd482e9b07ec2f993ac,measured (fires harvested pairs),1,6.377340107717044e-11,0.0,measured (fires harvested pairs)
9700d8c66e5d13b3f7855c7a6dbe0cae8e98b4d7727e87d3f930ec182116f300,quarantined-defect (QC),1,2.0201883509788,3.0,quarantined-defect (QC)
972593d969309d96e00805fd63f4fc332b3e7e3ca2e272b0d03318e1b0a23325,vetoed (migrated + spread),1,0.0,0.0,vetoed (migrated + spread)
974a43dd2da7729051b475ba9dc90aaa1b0712e3deb3905f502d878acd89121b,measured (fires harvested pairs),1,2.465924487193877e-14,0.0,measured (fires harvested pairs)
98f5b2d0940ff7ac59ac9e122102d565584a022a917a454abeab56a9ed98dc62,vetoed (migrated + spread),1,0.0,0.0,vetoed (migrated + spread)
9965e4c31ef165ae17de7a9490d0a24c01118a35e9c66ac64f6b788e73688a4a,measured (fires harvested pairs),1,5.074757695562666e-15,0.0,measured (fires harvested pairs)
9a2b11bd4736294b87c2b722c98aa95c7e53c21798c3a65d193729a1953eab63,vetoed (migrated + spread),1,1.2055927148013782e-14,0.0,vetoed (migrated + spread)
9a65d59de4a17990b0ac319f048ba33fc817591db3ba127a136412fa0a15d778,representable-pending-re-search (surrogate+flag),1,0.676988569565465,1.0,measured (fires harvested pairs) [graduated]
9a813f242ae50c49611a141f40de2f4a75f884105a7c6f4f8afe1db3f6d4d6e1,measured (fires harvested pairs),1,9.75497873413279e-14,0.0,measured (fires harvested pairs)
9b6ebcc65515d219367a79e49bff82ec8741695bf5d8d2925b1f2441dc3083ab,vetoed (migrated + spread),1,0.0,0.0,vetoed (migrated + spread)
9cc008b3819d283eb20b0e745e1417c21754aeaa836a3cf2c739a54297404afe,vetoed (migrated + spread),1,3.51906774822876e-15,0.0,vetoed (migrated + spread)
9d2988af22bae54934fe2bc1c7938a6cd95202e768ca0147ecf2d2094dee6bee,vetoed (migrated + spread),1,0.0,0.0,vetoed (migrated + spread)
9d41cabe4077b4078ca97097b2a71eb373774ce7178b1a05edc5b77553f29df7,vetoed (migrated + spread),1,0.0,0.0,vetoed (migrated + spread)
9d7347088452b32162addc1cee03490519c74169c6f48b8ce7a6a3cd69c79e0f,vetoed (migrated + spread),1,1.1712217278905222e-14,0.0,vetoed (migrated + spread)
9ede766be8246963e8533fdf7663b224cf1db839cd72483322eeb793fbade59b,measured (fires harvested pairs),1,0.028749852571596,0.0,measured (fires harvested pairs)
9f22ec2bdf84f0e5437b3aa9548fae337d5122479f22875a54b5abfc4f326018,non-representable (on-the-fly),1,0.0,0.0,non-representable (on-the-fly)
a085d44c9f6b6dd1a3f085a03ff8f78abfaaacf429763c65ae6b87ac26233ee0,vetoed (migrated + spread),1,0.0,0.0,vetoed (migrated + spread)
a0de6f555eeb8feb04d02ae4627a328d5f51962abc16276af6dfb9b590ca8198,vetoed (migrated + spread),1,0.0,0.0,vetoed (migrated + spread)
a0e31b4b954965513c1fd3ed3c57c5caab092d1ebb2fae9fdf78189b00301c1b,measured (fires harvested pairs),1,1.5366073791014e-15,0.0,measured (fires harvested pairs)
a1268c0178d6c153db08797ce845b5c3f548126ff14335d4b9cf3371ce6d499e,representable-pending-re-search (surrogate+flag),1,0.75377793100281,1.0,measured (fires harvested pairs) [graduated]
a139487af54879430e45760a9826476db26c6d3f1d5f932df5422350c4651111,measured (fires harvested pairs),1,3.7587077780067003e-16,0.0,measured (fires harvested pairs)
a145813740fa9b46a97d8a64ae6f89ff355765e0a7823a086d434b8b57ebf0e2,vetoed (migrated + spread),1,0.0,0.0,vetoed (migrated + spread)
a19bf0e0c69bc25489fa8f5fe2a3d6943f9df247497c2491d23d474f522c6809,vetoed (migrated + spread),1,7.1092783515510004e-12,0.0,vetoed (migrated + spread)
a24938293e2d45f85c5009d85162474df636dfba1265ca2456925f5c2730c41d,measured (fires harvested pairs),1,3.21025190615007,3.0,measured (fires harvested pairs)
a27503b6e10c6f0831c086d9def508b4564419bd0df4699c1d0052103949b522,vetoed (migrated + spread),1,0.0,0.0,vetoed (migrated + spread)
a2a09181ced90f46330a8ca4ad075487f60ef16588ad23c560dfcbc7e8fe3f7b,representable-pending-re-search (surrogate+flag),1,2.976134734719281,4.0,measured (fires harvested pairs) [graduated]
a2a226e71219f328a414788bc1edda7c1f799003174d67673ce8c30ee7284cd8,vetoed (migrated + spread),1,3.40193717006e-09,0.0,vetoed (migrated + spread)
a2ec37e9972af0b1a387bb4be44156480845cf21ff11632debf2b37735ee8f64,vetoed (migrated + spread),1,3.406177973110001e-14,0.0,vetoed (migrated + spread)
a39057750b74d40651412e87719e8dd50736ba70c13d068ff96dcce5363ef80c,non-representable (on-the-fly),1,3.6732137495943,5.0,non-representable (on-the-fly)
a3ee8e0f4bb45667e3fbdfdf38eb7b83868c24d17b0098a1bec74dd5941dc56c,quarantined-defect (QC),1,0.6680222979741133,1.0,quarantined-defect (QC)
a46e68bf90f259f2e4a9b0144b56b42da54021c6964975da3a16d38da6678eaa,vetoed (migrated + spread),1,7.505752582873999e-15,0.0,vetoed (migrated + spread)
a52373f3bb4ae5b0d09d358f703c690bcb42e53f8d53d7081f66bb31c2a15c19,vetoed (migrated + spread),1,0.0,0.0,vetoed (migrated + spread)
a554edd54b86fbb085e18bc9a8b31cf01ed191d5c36119cc9c4f84eff30d883d,representable-pending-re-search (surrogate+flag),1,2.40561790936293,4.0,measured (fires harvested pairs) [graduated]
a56dadc32d101fddd1611db1f27a2b8607e60d7c7b1c46e40161ac830255a332,non-representable (on-the-fly),1,0.02764586848226,1.0,non-representable (on-the-fly)
a5a563f33fba2b20937eac7e21ec5188766bbf6108c33f41a57e23db02d67e68,quarantined-defect (QC),1,0.0,0.0,quarantined-defect (QC)
a5fe055e32ca5974935a05e1701050d3c99f5b28df15997e87ab6d59d0365e0c,vetoed (migrated + spread),1,0.0,0.0,vetoed (migrated + spread)
a63778d3ad54f33d8a4ea590e129893e4799613ed308120b1ed8e88786984e95,measured (fires harvested pairs),1,8.885131090675071e-10,0.0,measured (fires harvested pairs)
a6b6b25eb42d0c970e16251a22bb7ba0ae87ed3c8c8a1925ba8231e359c46be4,vetoed (migrated + spread),1,1.83639960552972e-14,0.0,vetoed (migrated + spread)
a6e4dc97996c2067ad9e82e768718b840fb739485df27b8f26fbb3da343350f2,representable-pending-re-search (surrogate+flag),1,0.0,0.0,measured (fires harvested pairs) [graduated]
a789feeae9e5146e798e2ae881d368fba7301d3cb16ac256a5639608a5e6d522,measured (fires harvested pairs),1,7.15987840647191e-16,0.0,measured (fires harvested pairs)
a7bbb5c57aef7e20c1a5a5355503ee03f617624a1bd1863a6415d970e306b81b,vetoed (migrated + spread),1,0.0,0.0,vetoed (migrated + spread)
a8e1297e19bd916a35072ace08633d8a73c4545a87f5bb764346c648ce7d54ce,measured (fires harvested pairs),1,2.932794621568799e-16,0.0,measured (fires harvested pairs)
a92cd67040ab7b3ff12c2200faa0dfc21c8a178c0e9264aa5e4a40d91194e2bf,representable-pending-re-search (surrogate+flag),1,0.0110201103054609,0.0,measured (fires harvested pairs) [graduated]
a97b997c4807ef044ff822dd6d33521854795113ec503d05cab8b9e5cb5960b6,vetoed (migrated + spread),1,0.0,0.0,vetoed (migrated + spread)
aae4e643bb40e883cbe6097ffa3a6ec70ee0485509ac68b3562ced8f8f57d84f,representable-pending-re-search (surrogate+flag),1,0.4454214707858749,0.0,measured (fires harvested pairs) [graduated]
ab2669d3772f9edacaadcbf59ee3b03639478bfc731f672acb5db843605cf983,representable-pending-re-search (surrogate+flag),1,1.00516901298211,1.0,measured (fires harvested pairs) [graduated]
ab3a2988cdf1886ca101be85da7a0b9c0c8daf563edc14c44f467ff2d5682383,vetoed (migrated + spread),1,0.0,0.0,vetoed (migrated + spread)
ab905854a9dd11f9df5f94a53b7c58f488abc4f204a77e24739f9d886aa33d12,measured (fires harvested pairs),1,15.153623496007487,20.0,measured (fires harvested pairs)
ad27581ec0a30685c65772c4daa01abfbaa893224320bca7b125169f4ef1fc6e,measured (fires harvested pairs),1,0.385003263073,0.0,measured (fires harvested pairs)
ad27f9c22d849cfa87f7ea2a496e1edd02ce5750ed9051df86c025297254e917,representable-pending-re-search (surrogate+flag),1,0.722579755599232,1.0,measured (fires harvested pairs) [graduated]
addc2a16d8873217be29987868f01e0a545a8b4dbfb7082d960635b9f99b26fa,representable-pending-re-search (surrogate+flag),1,0.10573437108652,0.0,measured (fires harvested pairs) [graduated]
ae2a695af8a0b8a070ef8f3fce3b27de7e080ca2e022364ea7e19dcb729e0893,representable-pending-re-search (surrogate+flag),1,0.021238840722307,1.0,measured (fires harvested pairs) [graduated]
af54ec4c4b07f53bf43ff279fe712ada9064f0f9a81cf8d1a0223224fbe4faff,vetoed (migrated + spread),1,0.0,0.0,vetoed (migrated + spread)
b0d4f323954a4bb994b8e74f4fa83005fe854938eb4a18557be1cecf8d4f0320,non-representable (on-the-fly),1,1.6958914540545995,2.0,non-representable (on-the-fly)
b1c4f58241ca84965d5032a5dfbbfeab0a580e82d1af1619792b2ebb4ea1b1e6,quarantined-defect (QC),1,3.5351260964982606e-14,0.0,quarantined-defect (QC)
b30b3dc88234e847d4005770fcc5c96f8606826057cb364aeadaae4350041177,measured (fires harvested pairs),1,0.4695387666054931,0.0,measured (fires harvested pairs)
b3b746912501a8e0141691baa5ca71d6238826616c79aea9e8fe55da29f5a5fc,vetoed (migrated + spread),1,0.0,0.0,vetoed (migrated + spread)
b420e988a26a4f9f591ed18ce8bd88b4a841a15bb69a1abaf7b32f55942164cf,quarantined-defect (QC),2,4.8717397488441135e-15,0.0,quarantined-defect (QC)
b4e0c278ccedc9abfc5d05822a22934c33cfff43a4442a27cc9e438ee92f50e6,measured (fires harvested pairs),1,1.1502210190057201e-15,0.0,measured (fires harvested pairs)
b7b4381debdc88296baded90a8fe08c1e2b8624879b5e0a9c0b1174d70a0546a,vetoed (migrated + spread),1,0.0,0.0,vetoed (migrated + spread)
b8c9722bb2ff016586cd659760f958dbe4fbccd195f2cbf4434076501b3b7e52,vetoed (migrated + spread),1,1.5802555460278802e-15,0.0,vetoed (migrated + spread)
b91abf9abe4e48e09b21c4eb0e78d39336b390aad919a287ae85ca417529a1b9,non-representable (on-the-fly),1,0.0,0.0,non-representable (on-the-fly)
b9c2af24848f02d4f4fe56e1f498be225a686c809d67fd9d5a9d61c0f4a9b198,measured (fires harvested pairs),1,2.2445352154824e-15,0.0,measured (fires harvested pairs)
bb488b39dfe87ece7e162fb77aae209cd6ed1fd2d78e93cf620a5dd098bbfbdc,vetoed (migrated + spread),1,1.8794702359258e-17,0.0,vetoed (migrated + spread)
bb4fc439b8c698ba80fd61ec58ed205505a8255423ed8257d29e74d1fa6bc53b,measured (fires harvested pairs),1,1.642648213942859,0.0,measured (fires harvested pairs)
bbf1c0a37260601585df11707cd7e88d2de4295fe4560599696478d7025e2e05,representable-pending-re-search (surrogate+flag),1,0.50551607310836,1.0,representable-pending-re-search (surrogate+flag)
bc46897385341539191348b6f181d52a52855fe55f0558f6badbe41856c8d71d,non-representable (on-the-fly),1,0.0,0.0,non-representable (on-the-fly)
bc594516591726969b272ec39a1416df39043e9460b695c9a42b097091e08c0e,vetoed (migrated + spread),1,0.0,0.0,vetoed (migrated + spread)
bcadb88831e666ef65acd221296de6cdfaa50ba1489cb298b6d4c2621f1feb2a,vetoed (migrated + spread),1,0.0,0.0,vetoed (migrated + spread)
bdc3458f2b415afe19875d283c2bbae598bb5b3c9564f1629d83596523feefe2,quarantined-defect (QC),1,4.252784953265e-16,0.0,quarantined-defect (QC)
be660cabd933712e07dfb9af3c977c11bda0fa61eb2b2d5b86e5129cd464a042,vetoed (migrated + spread),1,0.0,0.0,vetoed (migrated + spread)
be7bcee1e35ba325e1a49774184f4cbfc3b33b3f53aa93c600946ac8e545745e,representable-pending-re-search (surrogate+flag),1,0.9281832227114,2.0,measured (fires harvested pairs) [graduated]
be834fc760cb8ace6dbfc22fd27765037f431e22041c7f7667014d151c0dc6f4,representable-pending-re-search (surrogate+flag),1,0.6029400253916701,1.0,measured (fires harvested pairs) [graduated]
bf3fc2afd751329848f62d79d65efd447c487e0de0d49c20e55af307f96e50c0,vetoed (migrated + spread),1,0.0,0.0,vetoed (migrated + spread)
bf45585fe752ab23e687dc97aaffff13cacc4b9ea5f7f7af87bfd955ad3560d9,quarantined-defect (QC),1,0.0,0.0,quarantined-defect (QC)
bfbefda509a32a3d33e45e913fd2c76552e9faa464ea38efe5814beb18de0895,vetoed (migrated + spread),1,0.0,0.0,vetoed (migrated + spread)
c148aa84e6997dd108b0eaf80459233295565fa2d498ad397cfcbf896ca214f5,vetoed (migrated + spread),1,0.0,0.0,vetoed (migrated + spread)
c19e4aa3dfdc816045f610acffb94cc1b03920a76df45c27c9aab139aad457a9,measured (fires harvested pairs),1,0.047523713303385,1.0,measured (fires harvested pairs)
c24da304cf40ec56480c48a3d86f2587681800d026b2ee35a8e12030b0779642,vetoed (migrated + spread),1,1.2163312226322002e-16,0.0,vetoed (migrated + spread)
c2837b126b1a474dd609be4a88beef1334d7bdcc9d7e290e6cc7f28e8a16f742,representable-pending-re-search (surrogate+flag),1,2.4769007960017,1.0,measured (fires harvested pairs) [graduated]
c4af07a9dc05edd5dfe99d61c9c0ab24dbcef51342abf32a82c374df0cfab115,vetoed (migrated + spread),1,0.0,0.0,vetoed (migrated + spread)
c54932adb598cd1feaa37dd7414aa400fcf6cbb6e77dbb1d36cacaaaef8d5189,representable-pending-re-search (surrogate+flag),1,0.3846607667794,1.0,measured (fires harvested pairs) [graduated]
c579ea0b41b5a3dfeb1e4b01f083c8b7e9c76561f1c272f61cdf401950dbf4d1,measured (fires harvested pairs),1,1.6672640883376504e-13,0.0,measured (fires harvested pairs)
c58a5f37b0cd9854b67abeb2dbf80ee4d81a13d13ddf1c91d69599cb79311dc2,vetoed (migrated + spread),1,0.0,0.0,vetoed (migrated + spread)
c59fef289505713c54f2b106f12275c7c7b7cec6e26402e353688ab40be3c45c,measured (fires harvested pairs),1,0.64257743535051,1.0,measured (fires harvested pairs)
c6418422b73d1a9872f6cf2bd7a81bf2c5631e38e6e446f487ae7cd5a88e48cc,measured (fires harvested pairs),1,0.401970467907909,3.0,measured (fires harvested pairs)
c689dab1bd004155d95db977a174a955525f48f3f9296833d2730eab68ad5892,measured (fires harvested pairs),1,0.0,0.0,measured (fires harvested pairs)
c7e92f294a462f53ab332a3f0d67bae7fc0d51daa5b7a411b71eadf3e87c512e,vetoed (migrated + spread),1,9.77888910382021e-16,0.0,vetoed (migrated + spread)
c8dbde9f6321d88e3fbd386847fea813afa969291bd8fe53400700a4d2a9adba,vetoed (migrated + spread),1,0.0,0.0,vetoed (migrated + spread)
c8fcf5f2338cd7b36b5a8d16815c6deddc83731adeda5d4d491ec0584975aae2,vetoed (migrated + spread),1,2.71914981079104e-15,0.0,vetoed (migrated + spread)
c90bf83801f700ef27ce379e503573e8c5a695f88829c88735ca20e0dbdd4273,vetoed (migrated + spread),1,0.0,0.0,vetoed (migrated + spread)
c9cc21fb498a1e9b36bebc2ab36f26620cfd9b7eb9d99d786248515932a0b252,vetoed (migrated + spread),1,4.8293037354056e-15,0.0,vetoed (migrated + spread)
c9e0829940ae7f3985dae26b77af6ec4b3cf9e1dc30262efd280bbb534b9f6df,representable-pending-re-search (surrogate+flag),1,1.462152519646,1.0,measured (fires harvested pairs) [graduated]
ca00d9dd25b32b7c9fd17ec0bc123a65138ecf4a2773123e23c2e6231cb8f96f,measured (fires harvested pairs),1,0.0,0.0,measured (fires harvested pairs)
cb9f6d999c7c093365a37b91202552cf3fd8df85f3521b0b9fd95874c5214c1c,vetoed (migrated + spread),1,0.0,0.0,vetoed (migrated + spread)
cc78f8e73a4f05869b730447c4c780e5b8a401c7fb08dee6682885fc5e3a1a2a,vetoed (migrated + spread),1,4.004463210018327e-15,0.0,vetoed (migrated + spread)
ccad89959c49095f61b94500c9af2d46970c4d0a24d38f1776905f150f22a3b3,measured (fires harvested pairs),1,0.0,0.0,measured (fires harvested pairs)
cd68d085b5cef7a327dca04b7c580feb5bb7547284155a2e9227129a9d022755,vetoed (migrated + spread),1,1.4316397812149398e-15,0.0,vetoed (migrated + spread)
cdd160b393ff69993225ddc5a0d59d8d4ecdef8d2a3687a4954977d667d561ef,representable-pending-re-search (surrogate+flag),1,0.7367057644615,0.0,measured (fires harvested pairs) [graduated]
cf5cc9e8068ef3dea29445ea634c99e373390a8fd5b45c73ed8f8582696bae83,vetoed (migrated + spread),1,1.2721725215724568e-15,0.0,vetoed (migrated + spread)
cfda03a1eea14afb9d961f1a74390129b85d2e63c407574362dcb1d7e078c445,measured (fires harvested pairs),1,8.436678064312736e-11,0.0,measured (fires harvested pairs)
d15c670c8b22e3596b43eb3ca9073979fa5cab38c45cce61cd9a91c9f9711e6f,vetoed (migrated + spread),1,2.2629022302538e-14,0.0,vetoed (migrated + spread)
d1c7bae362c119693df3b3c2e8f816c3f5e0d1c7a0a669db5910ba6043f176dc,vetoed (migrated + spread),1,2.468073014337e-14,0.0,vetoed (migrated + spread)
d21319509e6162af62b3d2a209c86385ed928877769ac6ade7850f1fe5a7c221,measured (fires harvested pairs),1,1.4673019413083626,3.0,measured (fires harvested pairs)
d2b7f542a441ed2897356cab4cfde77958cc21138a456eba79ebd43352bf1026,vetoed (migrated + spread),1,9.55478215385565e-16,0.0,vetoed (migrated + spread)
d355dd9f89528293c827d75ff602ee7623b9fccfcb05b0b77689a0d7e56606ba,measured (fires harvested pairs),1,1.0238969657765067e-14,0.0,measured (fires harvested pairs)
d39e02b25986f188cdc42cd91496b2091c004f11c0b36aa0a4a6e277d68cba3f,representable-pending-re-search (surrogate+flag),1,0.7508206492719001,1.0,representable-pending-re-search (surrogate+flag)
d44dddb60af7e8bd3a1058be2a5a2fe2b6e4e588d866d63f67f7c429c4d861c1,vetoed (migrated + spread),1,0.0,0.0,vetoed (migrated + spread)
d4d17d1df8e0110aa0f34afc2751fdaab556e424562bd222494ebbcde5d1a53b,measured (fires harvested pairs),1,0.0,0.0,measured (fires harvested pairs)
d5436d2e6d6d0fd4e139a1a0e4e6c07c8151affda2e8a5acdd82e12a7e9fb0ae,vetoed (migrated + spread),1,1.5308098206803994e-16,0.0,vetoed (migrated + spread)
d575c644bc01a145946cef8bdf33c7b8ed4adb12f28af466de94d0f7b07183fc,vetoed (migrated + spread),1,0.0,0.0,vetoed (migrated + spread)
d6908636aa611c94fd39bca9acfde5d26e73fb6bd289de50ab99bb72559260c3,vetoed (migrated + spread),1,8.219194377294029e-15,0.0,vetoed (migrated + spread)
d6c59410f4029cfb9a035878f50bde472589bbec05b95e452a9b7397508977b5,vetoed (migrated + spread),1,0.0,0.0,vetoed (migrated + spread)
d700012022cec1cd797f8779c166a631583556130051e95f967ce8446d7edeac,representable-pending-re-search (surrogate+flag),1,0.1343150396564,0.0,measured (fires harvested pairs) [graduated]
d735ae02ba386e1cf94a5dc77718dcea73f6e3d598f233eca53ad2c4d56df160,vetoed (migrated + spread),1,0.0,0.0,vetoed (migrated + spread)
d77e88204fc7c014e0f3666079281796192bcd81f0fe6a3abcde873763fe4fa3,representable-pending-re-search (surrogate+flag),1,0.6154716834756,0.0,measured (fires harvested pairs) [graduated]
d83d0034edad99d45a299f7fa02545ee882ddbdc7583815360b46c12e9302962,vetoed (migrated + spread),1,2.416883149266e-15,0.0,vetoed (migrated + spread)
d84a677c01f3d0f035d4fe69309b1e428c930d15cfee4e27ff9956e8a135b411,vetoed (migrated + spread),1,4.936291715291999e-13,0.0,vetoed (migrated + spread)
d8906c09394f5d4c907da2746fe308e32d6ba5b5569e3990d7ff46dd63aba541,vetoed (migrated + spread),1,0.0,0.0,vetoed (migrated + spread)
d9115162c0d5df2d67413fd51bd5b39af56abd464da3951b2478b45b7502d013,vetoed (migrated + spread),1,4.985247197381106e-15,0.0,vetoed (migrated + spread)
d939007ac50a377acd290a859543f27312e6978a1b0f5e749e078ed8ee04df2a,measured (fires harvested pairs),1,1.5531783491279962,1.0,measured (fires harvested pairs)
d95c5955fafdb1106e65962c7c9fb194792e6cf5219b4264501304016d13bbed,measured (fires harvested pairs),1,0.0,0.0,measured (fires harvested pairs)
d9d94125d98a65a10e2b5114cf9a54fdbadbbef47902e25635c078143e0c3989,vetoed (migrated + spread),1,0.0,0.0,vetoed (migrated + spread)
daf02683aedb865444c13fc1ce0e442676fdfc51449cf054559a0da237d9f12f,vetoed (migrated + spread),1,0.0,0.0,vetoed (migrated + spread)
dc076889262c20d43dbbca95dc1ee1992b0d6cfaf1255de990776e5478b51035,vetoed (migrated + spread),1,5.551642313865e-15,0.0,vetoed (migrated + spread)
dc963f8d00728812019fd83e003f1f52462578bc39622f6fd98d91ca1f0da6be,measured (fires harvested pairs),1,6.135931568517711,9.0,measured (fires harvested pairs)
dc9e4b050ed276e55c876162aca2245b98467cbc3b46c7258f2b028cde6d9bdb,measured (fires harvested pairs),1,1.61506601972482e-14,0.0,measured (fires harvested pairs)
dec7c38de3609e38e13b3c22baa2d8465e1726fa8aac234385a4160ecaa90fc3,quarantined-defect (QC),2,7.1268631652055e-14,0.0,quarantined-defect (QC)
defd86eab3bad2deceead67ff631b97d3fb1ada516d8250fc6a75c6a59fe02b9,measured (fires harvested pairs),1,1.034301312985017e-14,0.0,measured (fires harvested pairs)
df3e5a297fa63a475d9dfddf196eb9852adb7e86cee28561dfa155b01b7842f4,vetoed (migrated + spread),1,0.0,0.0,vetoed (migrated + spread)
e01c1005dfb852f7d32b9b3c7f24a23131e2602081daae55716c93d7a3fd5bbb,vetoed (migrated + spread),1,0.0,0.0,vetoed (migrated + spread)
e08ef056e307ea7c0a7a051a758d7e26fb6aff00ae0131e5d2829ff1cb54f663,vetoed (migrated + spread),1,9.020979641045999e-10,0.0,vetoed (migrated + spread)
e090a5b4496416f4f1f3ec31df2db8f0414e14ba6e5d33cf2dfd8133d6ab9191,measured (fires harvested pairs),1,0.0,0.0,measured (fires harvested pairs)
e09c05b2f5dd8d8569a8ba714819c816d68b8e7d87bf20b43a8f9bce03c12d38,quarantined-defect (QC),1,1.974751931468059,4.0,quarantined-defect (QC)
e13492729bfaca2fa4c55ee3ae0c7659358640fb06e3ae77c3d488a7dfa44aaf,vetoed (migrated + spread),1,3.28465886961012e-14,0.0,vetoed (migrated + spread)
e171f8b616f8631db27e07202adb9abd0c35c1b9225816d9dcfe766ac2462d1d,non-representable (on-the-fly),1,0.0,0.0,non-representable (on-the-fly)
e1aa71e82ae6573e8caacd569a9949022e33dc37fa698f8221cc9ce1f3a6940a,vetoed (migrated + spread),1,0.0,0.0,vetoed (migrated + spread)
e3cc936dec1cee1bd5717075034cc3d71d170bdfe78ed5ec7ca62f4db9a6efee,measured (fires harvested pairs),1,0.10247419276355,0.0,measured (fires harvested pairs)
e43130330506ce1cca3f7880d71d57590006dd1f35cd0ede7a25faa39c978e0d,vetoed (migrated + spread),1,3.87080073907e-15,0.0,vetoed (migrated + spread)
e63024cc27b387ffcc18d67d6c70b4ccd27425ef5575d1c31b34066084570acb,vetoed (migrated + spread),1,0.0,0.0,vetoed (migrated + spread)
e71b300a311ad7f1ae20cdc6665f6874db6f1bbcc37c6689d9223e15b7ee4363,measured (fires harvested pairs),1,6.054949285516087e-11,0.0,measured (fires harvested pairs)
e80494a8fb0a8eb4946af4c99b09ec4bdb93efb9ffc2a85889b0787ee9f1de7c,measured (fires harvested pairs),1,0.605495531655422,0.0,measured (fires harvested pairs)
e84fd43dcc3527896d8c5988b3c29b606a67ae8e26775e79c818546ceafaa528,representable-pending-re-search (surrogate+flag),1,21.31392416611489,24.0,measured (fires harvested pairs) [graduated]
e8c52928a624358dadfb5a6843d22aaf94fc0682afaee15f973a1476af367081,vetoed (migrated + spread),1,3.0203504447869e-15,0.0,vetoed (migrated + spread)
e9567e3c496affa00b588af5d5ed0570d274042a226ed9a3fe8581dd2b291ee3,measured (fires harvested pairs),1,2.46032955325299e-14,0.0,measured (fires harvested pairs)
ea596c2cb2310339758bd98173cb44710bf9d97aa3e784c025f0bf1231f5f147,representable-pending-re-search (surrogate+flag),1,0.2400551634160199,1.0,measured (fires harvested pairs) [graduated]
eab1b83f12d95a4351f9cf7a8d51f896e24656143012a7c11bfe1f30a69fc106,measured (fires harvested pairs),1,0.18999022077258,1.0,measured (fires harvested pairs)
eaf9c26542afa1757e2eba2d6edd1feec294f1d249634545d4abdf0c266000a7,measured (fires harvested pairs),1,3.17810793225291e-15,0.0,measured (fires harvested pairs)
eafa90742d588f4c0018939f195f58065e206fe1fb1ee8a645ae15bfb0bc41e3,representable-pending-re-search (surrogate+flag),1,1.125651501292,1.0,measured (fires harvested pairs) [graduated]
edc34329a8f8d7ce4a4f079f49ecdf27dcf39e4bc843a79b54c2b30d0c8d4f8e,vetoed (migrated + spread),1,3.491131906983001e-15,0.0,vetoed (migrated + spread)
ee9350fcb3fa57cc0ff105896f22c7f86462b210dc99e3142dc233738299e054,vetoed (migrated + spread),1,5.5589918709329995e-14,0.0,vetoed (migrated + spread)
f0d4747380fd10092f5cd2ce9f91a6b44fa83c9c984d858fb5c3bbe8625d5a4a,measured (fires harvested pairs),1,8.375372171790081e-15,0.0,measured (fires harvested pairs)
f10aa8fbe73a59cb40b7fa5d5032ab1079e135b1e79cd6f76eb6c94b3c1e5bf5,measured (fires harvested pairs),1,0.0,0.0,measured (fires harvested pairs)
f1501859332188b4ec9efa6e3361c6d9f2457c33935641f38f9f7f16029d2eb7,measured (fires harvested pairs),1,2.0656475738603404,3.0,measured (fires harvested pairs)
f154bd9f43d6aadada2489c745a69fe3a9ec1dfa5dcc3c4ce8e92d75a2eac51e,vetoed (migrated + spread),1,0.0,0.0,vetoed (migrated + spread)
f15da8e82e022e4754c501acf0119302a53e15a7edc32d47d863d5a4ef9f0d3e,representable-pending-re-search (surrogate+flag),1,5.87337343240076,5.0,representable-pending-re-search (surrogate+flag)
f1cd71fe8aa05a5f1ffa8e319117dde437cd402c9ebc878d281bcf82175a79f0,measured (fires harvested pairs),1,1.4367543227104998e-15,0.0,measured (fires harvested pairs)
f218566c3399265f16b437fb5353270e3b8056d0679ec01ca69d55d08e084dbc,measured (fires harvested pairs),1,0.0,0.0,measured (fires harvested pairs)
f37e3f687858ef81c0b6d96eaf53566bef548a1536148e2f7e21951487e0cb27,measured (fires harvested pairs),1,0.018151966280769,0.0,measured (fires harvested pairs)
f3cea8b73c3a6108f5fd85671c71baad61b5d690ebc8b8e8c7a933aea3e37550,quarantined-defect (QC),1,2.490615562490934,2.0,quarantined-defect (QC)
f4220c98b172cc745f3f46246a037022b3e7e58f400ecc5f67e58a3b998ee3dd,vetoed (migrated + spread),1,1.8515111987616003e-12,0.0,vetoed (migrated + spread)
f5197ab50ac1e27f929ab7a10db9e99f21995cc606c551ae459ca9857f0bd8f2,measured (fires harvested pairs),1,3.47830231664235e-15,0.0,measured (fires harvested pairs)
f5593133239242bcc1b80ba4b47a27f907ea24eb54bf1e0376567da6b6f1425f,measured (fires harvested pairs),1,1.2286773935128001e-16,0.0,measured (fires harvested pairs)
f599be65db876a9990b7f63933afb20964c38302c61d7a8dfc9004a3213c9baf,vetoed (migrated + spread),1,0.0,0.0,vetoed (migrated + spread)
f65df782e7b7f2a5bdad2add144189c0f3cba9ae49293d09bdaf3c9319c88c62,vetoed (migrated + spread),1,3.6648057911752e-16,0.0,vetoed (migrated + spread)
f6c53bbaba0997f1715068619a9deee0f264140753fc6bee4b6b9c935db67402,vetoed (migrated + spread),1,7.89034874793e-17,0.0,vetoed (migrated + spread)
f6d4f4e370b9ff9512632bb5c7b7a9a58aaf151542826c9377826099840c5377,vetoed (migrated + spread),1,6.953125145222199e-15,0.0,vetoed (migrated + spread)
f73f65d045d61fb3588eb70659e9ee9801232045d55ef4533e2228142d4972b7,vetoed (migrated + spread),1,3.8551315456470005e-15,0.0,vetoed (migrated + spread)
f8948d99d3a661027f847a91c332578817919275a4fb61817f1f4a37b0841ec2,measured (fires harvested pairs),1,1.6051993684577522e-14,0.0,measured (fires harvested pairs)
f8b61275c6e6455968e1736da385fe4ccb66a819cce31d06f4003049c54e4f69,vetoed (migrated + spread),1,4.78590824408796e-15,0.0,vetoed (migrated + spread)
f9e451ff6d0c02c90265d47a0334ea410ebd025e2f9ac954270b3e5b12f095d9,vetoed (migrated + spread),1,0.0,0.0,vetoed (migrated + spread)
fa0f97cf34f45140e02ea3ee930fd618322f23fc451d75754250af04ca13a133,measured (fires harvested pairs),1,0.0,0.0,measured (fires harvested pairs)
fa68b9b6796417dacc20ca516e6c31bc3bd9196245c6965cb591abaf8fa40608,representable-pending-re-search (surrogate+flag),1,4.40860727866659,3.0,measured (fires harvested pairs) [graduated]
fa93ec69d9f54304f5e72d3d1620a8b661a634cab18392f2835d094049da8f61,measured (fires harvested pairs),1,25.51246881392042,23.0,measured (fires harvested pairs)
fe162e9212d18744ade2eb5b35dac93885d137c5847fa7c4567dc3b674d9e89c,vetoed (migrated + spread),1,7.34552472576768e-15,0.0,vetoed (migrated + spread)
fec36243352bda3a137a2e9aa9317a1560aa1d4814b779c9eb434f599719109c,representable-pending-re-search (surrogate+flag),1,1.23361847296018,0.0,measured (fires harvested pairs) [graduated]
ff4c84a547866edc3b16fc6c3ee5563f5586d1dc1579769ce0151b4f2261e6f9,measured (fires harvested pairs),1,0.06367982469752,0.0,measured (fires harvested pairs)
